"Date";"Days from today";"PPE (m3)";"PPE (tons)";"Body bags (m3)";"Body bags (tons)";"Chlorine (m3)";"Chlorine (tons)";"Medical supplies (m3)";"Medical supplies (tons)";"Lab supplies (m3)";"Lab supplies (tons)";"Total (m3)";"Total (tons)"
"2015-04-28";"168";"5592.5 (4272.9, 6912.1)";"1162.2 (888.0, 1436.4)";"15.0 (11.5, 18.6)";"1.5 (1.1, 1.9)";"6.0 (4.6, 7.4)";"6.0 (4.6, 7.4)";"86.4 (66.0, 106.7)";"43.2 (33.0, 53.4)";"9.4 (7.2, 11.6)";"4.5 (3.4, 5.6)";"5709.2 (4362.1, 7056.4)";"1217.4 (930.1, 1504.7)"
"2015-04-27";"167";"5543.3 (4208.8, 6877.7)";"1152.0 (874.7, 1429.3)";"14.9 (11.3, 18.5)";"1.5 (1.1, 1.8)";"6.0 (4.5, 7.4)";"6.0 (4.5, 7.4)";"85.6 (65.0, 106.2)";"42.8 (32.5, 53.1)";"9.3 (7.1, 11.5)";"4.5 (3.4, 5.5)";"5659.0 (4296.7, 7021.3)";"1206.7 (916.2, 1497.2)"
"2015-04-26";"166";"5492.9 (4144.4, 6841.3)";"1141.5 (861.3, 1421.7)";"14.8 (11.1, 18.4)";"1.5 (1.1, 1.8)";"5.9 (4.5, 7.3)";"5.9 (4.5, 7.3)";"84.8 (64.0, 105.7)";"42.4 (32.0, 52.8)";"9.2 (7.0, 11.5)";"4.4 (3.3, 5.5)";"5607.6 (4231.0, 6984.1)";"1195.7 (902.2, 1489.3)"
"2015-04-25";"165";"5441.3 (4079.7, 6802.9)";"1130.8 (847.8, 1413.7)";"14.6 (11.0, 18.3)";"1.5 (1.1, 1.8)";"5.8 (4.4, 7.3)";"5.8 (4.4, 7.3)";"84.0 (63.0, 105.1)";"42.0 (31.5, 52.5)";"9.1 (6.8, 11.4)";"4.4 (3.3, 5.5)";"5554.9 (4164.9, 6944.9)";"1184.5 (888.1, 1480.9)"
"2015-04-24";"164";"5388.6 (4014.7, 6762.5)";"1119.8 (834.3, 1405.4)";"14.5 (10.8, 18.2)";"1.4 (1.1, 1.8)";"5.8 (4.3, 7.3)";"5.8 (4.3, 7.3)";"83.2 (62.0, 104.4)";"41.6 (31.0, 52.2)";"9.0 (6.7, 11.4)";"4.3 (3.2, 5.4)";"5501.1 (4098.5, 6903.7)";"1173.0 (873.9, 1472.1)"
"2015-04-23";"163";"5334.9 (3949.5, 6720.2)";"1108.7 (820.8, 1396.6)";"14.3 (10.6, 18.0)";"1.4 (1.1, 1.8)";"5.7 (4.2, 7.2)";"5.7 (4.2, 7.2)";"82.4 (61.0, 103.8)";"41.2 (30.5, 51.9)";"9.0 (6.6, 11.3)";"4.3 (3.2, 5.4)";"5446.3 (4032.0, 6860.6)";"1161.3 (859.8, 1462.9)"
"2015-04-22";"162";"5280.2 (3884.3, 6676.0)";"1097.3 (807.2, 1387.4)";"14.2 (10.4, 17.9)";"1.4 (1.0, 1.8)";"5.7 (4.2, 7.2)";"5.7 (4.2, 7.2)";"81.5 (60.0, 103.1)";"40.8 (30.0, 51.6)";"8.9 (6.5, 11.2)";"4.3 (3.1, 5.4)";"5390.4 (3965.4, 6815.4)";"1149.4 (845.6, 1453.3)"
"2015-04-21";"161";"5224.5 (3819.0, 6629.9)";"1085.7 (793.7, 1377.8)";"14.0 (10.3, 17.8)";"1.4 (1.0, 1.8)";"5.6 (4.1, 7.1)";"5.6 (4.1, 7.1)";"80.7 (59.0, 102.4)";"40.3 (29.5, 51.2)";"8.8 (6.4, 11.1)";"4.2 (3.1, 5.3)";"5333.6 (3898.8, 6768.4)";"1137.3 (831.3, 1443.2)"
"2015-04-20";"160";"5167.9 (3753.8, 6582.0)";"1074.0 (780.1, 1367.8)";"13.9 (10.1, 17.7)";"1.4 (1.0, 1.8)";"5.6 (4.0, 7.1)";"5.6 (4.0, 7.1)";"79.8 (58.0, 101.6)";"39.9 (29.0, 50.8)";"8.7 (6.3, 11.0)";"4.2 (3.0, 5.3)";"5275.8 (3832.2, 6719.5)";"1125.0 (817.2, 1432.8)"
"2015-04-19";"159";"5110.5 (3688.7, 6532.3)";"1062.0 (766.6, 1357.5)";"13.7 ( 9.9, 17.5)";"1.4 (1.0, 1.8)";"5.5 (4.0, 7.0)";"5.5 (4.0, 7.0)";"78.9 (57.0, 100.9)";"39.5 (28.5, 50.4)";"8.6 (6.2, 11.0)";"4.1 (3.0, 5.3)";"5217.2 (3765.7, 6668.7)";"1112.5 (803.0, 1422.0)"
"2015-04-18";"158";"5052.3 (3623.7, 6480.8)";"1049.9 (753.1, 1346.8)";"13.6 ( 9.7, 17.4)";"1.4 (1.0, 1.7)";"5.4 (3.9, 7.0)";"5.4 (3.9, 7.0)";"78.0 (56.0, 100.1)";"39.0 (28.0, 50.0)";"8.5 (6.1, 10.9)";"4.1 (2.9, 5.2)";"5157.8 (3699.4, 6616.1)";"1099.8 (788.8, 1410.8)"
"2015-04-17";"157";"4993.3 (3559.0, 6427.6)";"1037.7 (739.6, 1335.8)";"13.4 ( 9.6, 17.3)";"1.3 (1.0, 1.7)";"5.4 (3.8, 6.9)";"5.4 (3.8, 6.9)";"77.1 (55.0,  99.3)";"38.6 (27.5, 49.6)";"8.4 (6.0, 10.8)";"4.0 (2.9, 5.2)";"5097.6 (3633.4, 6561.9)";"1087.0 (774.8, 1399.2)"
"2015-04-16";"156";"4933.7 (3494.6, 6372.8)";"1025.3 (726.2, 1324.4)";"13.3 ( 9.4, 17.1)";"1.3 (0.9, 1.7)";"5.3 (3.8, 6.8)";"5.3 (3.8, 6.8)";"76.2 (54.0,  98.4)";"38.1 (27.0, 49.2)";"8.3 (5.9, 10.7)";"4.0 (2.8, 5.1)";"5036.7 (3567.6, 6505.9)";"1074.0 (760.7, 1387.3)"
"2015-04-15";"155";"4873.5 (3430.6, 6316.3)";"1012.8 (712.9, 1312.6)";"13.1 ( 9.2, 17.0)";"1.3 (0.9, 1.7)";"5.2 (3.7, 6.8)";"5.2 (3.7, 6.8)";"75.3 (53.0,  97.5)";"37.6 (26.5, 48.8)";"8.2 (5.8, 10.6)";"3.9 (2.8, 5.1)";"4975.2 (3502.2, 6448.2)";"1060.9 (746.8, 1375.0)"
"2015-04-14";"154";"4812.6 (3366.9, 6258.3)";"1000.1 (699.7, 1300.6)";"12.9 ( 9.0, 16.8)";"1.3 (0.9, 1.7)";"5.2 (3.6, 6.7)";"5.2 (3.6, 6.7)";"74.3 (52.0,  96.7)";"37.2 (26.0, 48.3)";"8.1 (5.7, 10.5)";"3.9 (2.7, 5.0)";"4913.1 (3437.2, 6389.0)";"1047.6 (732.9, 1362.4)"
"2015-04-13";"153";"4751.3 (3303.7, 6198.8)";" 987.4 (686.6, 1288.2)";"12.8 ( 8.9, 16.6)";"1.3 (0.9, 1.7)";"5.1 (3.5, 6.7)";"5.1 (3.5, 6.7)";"73.4 (51.0,  95.7)";"36.7 (25.5, 47.9)";"8.0 (5.5, 10.4)";"3.8 (2.7, 5.0)";"4850.5 (3372.7, 6328.3)";"1034.3 (719.2, 1349.4)"
"2015-04-12";"152";"4689.5 (3241.0, 6137.9)";" 974.5 (673.5, 1275.5)";"12.6 ( 8.7, 16.5)";"1.3 (0.9, 1.6)";"5.0 (3.5, 6.6)";"5.0 (3.5, 6.6)";"72.4 (50.1,  94.8)";"36.2 (25.0, 47.4)";"7.9 (5.4, 10.3)";"3.8 (2.6, 4.9)";"4787.4 (3308.7, 6266.0)";"1020.8 (705.5, 1336.1)"
"2015-04-11";"151";"4627.2 (3178.9, 6075.5)";" 961.6 (660.6, 1262.6)";"12.4 ( 8.5, 16.3)";"1.2 (0.9, 1.6)";"5.0 (3.4, 6.5)";"5.0 (3.4, 6.5)";"71.5 (49.1,  93.8)";"35.7 (24.5, 46.9)";"7.8 (5.3, 10.2)";"3.7 (2.6, 4.9)";"4723.8 (3245.3, 6202.4)";"1007.3 (692.0, 1322.6)"
"2015-04-10";"150";"4564.6 (3117.3, 6011.8)";" 948.6 (647.8, 1249.4)";"12.3 ( 8.4, 16.1)";"1.2 (0.8, 1.6)";"4.9 (3.3, 6.5)";"4.9 (3.3, 6.5)";"70.5 (48.1,  92.8)";"35.2 (24.1, 46.4)";"7.7 (5.2, 10.1)";"3.7 (2.5, 4.8)";"4659.9 (3182.4, 6137.4)";" 993.6 (678.6, 1308.7)"
"2015-04-09";"149";"4501.6 (3056.4, 5946.9)";" 935.5 (635.2, 1235.9)";"12.1 ( 8.2, 16.0)";"1.2 (0.8, 1.6)";"4.8 (3.3, 6.4)";"4.8 (3.3, 6.4)";"69.5 (47.2,  91.8)";"34.8 (23.6, 45.9)";"7.6 (5.1, 10.0)";"3.6 (2.5, 4.8)";"4595.6 (3120.2, 6071.1)";" 979.9 (665.3, 1294.6)"
"2015-04-08";"148";"4438.4 (2996.1, 5880.7)";" 922.4 (622.6, 1222.1)";"11.9 ( 8.0, 15.8)";"1.2 (0.8, 1.6)";"4.8 (3.2, 6.3)";"4.8 (3.2, 6.3)";"68.5 (46.3,  90.8)";"34.3 (23.1, 45.4)";"7.5 (5.0,  9.9)";"3.6 (2.4, 4.7)";"4531.1 (3058.7, 6003.5)";" 966.2 (652.2, 1280.2)"
"2015-04-07";"147";"4375.0 (2936.5, 5813.4)";" 909.2 (610.3, 1208.1)";"11.8 ( 7.9, 15.6)";"1.2 (0.8, 1.6)";"4.7 (3.2, 6.2)";"4.7 (3.2, 6.2)";"67.6 (45.4,  89.8)";"33.8 (22.7, 44.9)";"7.3 (4.9,  9.8)";"3.5 (2.4, 4.7)";"4466.3 (2997.9, 5934.8)";" 952.4 (639.2, 1265.5)"
"2015-04-06";"146";"4311.4 (2877.7, 5745.1)";" 896.0 (598.0, 1193.9)";"11.6 ( 7.7, 15.4)";"1.2 (0.8, 1.5)";"4.6 (3.1, 6.2)";"4.6 (3.1, 6.2)";"66.6 (44.4,  88.7)";"33.3 (22.2, 44.4)";"7.2 (4.8,  9.6)";"3.5 (2.3, 4.6)";"4401.4 (2937.8, 5865.0)";" 938.5 (626.4, 1250.6)"
"2015-04-05";"145";"4247.6 (2819.6, 5675.6)";" 882.7 (586.0, 1179.5)";"11.4 ( 7.6, 15.2)";"1.1 (0.8, 1.5)";"4.6 (3.0, 6.1)";"4.6 (3.0, 6.1)";"65.6 (43.5,  87.7)";"32.8 (21.8, 43.8)";"7.1 (4.7,  9.5)";"3.4 (2.3, 4.6)";"4336.3 (2878.5, 5794.2)";" 924.6 (613.8, 1235.5)"
"2015-04-04";"144";"4183.8 (2762.3, 5605.3)";" 869.5 (574.0, 1164.9)";"11.2 ( 7.4, 15.1)";"1.1 (0.7, 1.5)";"4.5 (3.0, 6.0)";"4.5 (3.0, 6.0)";"64.6 (42.7,  86.6)";"32.3 (21.3, 43.3)";"7.0 (4.6,  9.4)";"3.4 (2.2, 4.5)";"4271.2 (2820.0, 5722.3)";" 910.8 (601.3, 1220.2)"
"2015-04-03";"143";"4119.9 (2705.8, 5534.1)";" 856.2 (562.3, 1150.1)";"11.1 ( 7.3, 14.9)";"1.1 (0.7, 1.5)";"4.4 (2.9, 5.9)";"4.4 (2.9, 5.9)";"63.6 (41.8,  85.5)";"31.8 (20.9, 42.7)";"6.9 (4.5,  9.3)";"3.3 (2.2, 4.5)";"4206.0 (2762.3, 5649.6)";" 896.9 (589.0, 1204.7)"
"2015-04-02";"142";"4056.1 (2650.1, 5462.0)";" 842.9 (550.7, 1135.1)";"10.9 ( 7.1, 14.7)";"1.1 (0.7, 1.5)";"4.4 (2.8, 5.9)";"4.4 (2.8, 5.9)";"62.6 (40.9,  84.4)";"31.3 (20.5, 42.2)";"6.8 (4.4,  9.2)";"3.3 (2.1, 4.4)";"4140.8 (2705.5, 5576.1)";" 883.0 (576.9, 1189.0)"
"2015-04-01";"141";"3992.3 (2595.3, 5389.2)";" 829.7 (539.3, 1120.0)";"10.7 ( 7.0, 14.5)";"1.1 (0.7, 1.4)";"4.3 (2.8, 5.8)";"4.3 (2.8, 5.8)";"61.7 (40.1,  83.2)";"30.8 (20.0, 41.6)";"6.7 (4.4,  9.0)";"3.2 (2.1, 4.3)";"4075.6 (2649.5, 5501.8)";" 869.1 (565.0, 1173.2)"
"2015-03-31";"140";"3928.5 (2541.3, 5315.7)";" 816.4 (528.1, 1104.7)";"10.6 ( 6.8, 14.3)";"1.1 (0.7, 1.4)";"4.2 (2.7, 5.7)";"4.2 (2.7, 5.7)";"60.7 (39.2,  82.1)";"30.3 (19.6, 41.0)";"6.6 (4.3,  8.9)";"3.2 (2.0, 4.3)";"4010.6 (2594.4, 5426.7)";" 855.2 (553.2, 1157.2)"
"2015-03-30";"139";"3864.9 (2488.2, 5241.6)";" 803.2 (517.1, 1089.3)";"10.4 ( 6.7, 14.1)";"1.0 (0.7, 1.4)";"4.2 (2.7, 5.6)";"4.2 (2.7, 5.6)";"59.7 (38.4,  80.9)";"29.8 (19.2, 40.5)";"6.5 (4.2,  8.8)";"3.1 (2.0, 4.2)";"3945.6 (2540.2, 5351.1)";" 841.3 (541.7, 1141.0)"
"2015-03-29";"138";"3801.5 (2436.0, 5167.0)";" 790.0 (506.2, 1073.8)";"10.2 ( 6.5, 13.9)";"1.0 (0.7, 1.4)";"4.1 (2.6, 5.6)";"4.1 (2.6, 5.6)";"58.7 (37.6,  79.8)";"29.4 (18.8, 39.9)";"6.4 (4.1,  8.7)";"3.1 (2.0, 4.2)";"3880.9 (2486.9, 5274.9)";" 827.5 (530.3, 1124.8)"
"2015-03-28";"137";"3738.3 (2384.7, 5091.8)";" 776.9 (495.6, 1058.2)";"10.0 ( 6.4, 13.7)";"1.0 (0.6, 1.4)";"4.0 (2.6, 5.5)";"4.0 (2.6, 5.5)";"57.7 (36.8,  78.6)";"28.9 (18.4, 39.3)";"6.3 (4.0,  8.5)";"3.0 (1.9, 4.1)";"3816.3 (2434.5, 5198.2)";" 813.8 (519.1, 1108.4)"
"2015-03-27";"136";"3675.3 (2334.3, 5016.3)";" 763.8 (485.1, 1042.5)";" 9.9 ( 6.3, 13.5)";"1.0 (0.6, 1.3)";"3.9 (2.5, 5.4)";"3.9 (2.5, 5.4)";"56.8 (36.0,  77.5)";"28.4 (18.0, 38.7)";"6.2 (3.9,  8.4)";"3.0 (1.9, 4.0)";"3752.0 (2383.0, 5121.0)";" 800.1 (508.1, 1092.0)"
"2015-03-26";"135";"3612.6 (2284.8, 4940.3)";" 750.7 (474.8, 1026.7)";" 9.7 ( 6.1, 13.3)";"1.0 (0.6, 1.3)";"3.9 (2.5, 5.3)";"3.9 (2.5, 5.3)";"55.8 (35.3,  76.3)";"27.9 (17.6, 38.1)";"6.1 (3.8,  8.3)";"2.9 (1.8, 4.0)";"3688.0 (2332.5, 5043.5)";" 786.4 (497.4, 1075.4)"
"2015-03-25";"134";"3550.2 (2236.2, 4864.1)";" 737.8 (464.7, 1010.8)";" 9.5 ( 6.0, 13.1)";"1.0 (0.6, 1.3)";"3.8 (2.4, 5.2)";"3.8 (2.4, 5.2)";"54.8 (34.5,  75.1)";"27.4 (17.3, 37.6)";"6.0 (3.8,  8.2)";"2.9 (1.8, 3.9)";"3624.3 (2282.9, 4965.7)";" 772.8 (486.8, 1058.9)"
"2015-03-24";"133";"3488.1 (2188.5, 4787.7)";" 724.9 (454.8,  995.0)";" 9.4 ( 5.9, 12.9)";"0.9 (0.6, 1.3)";"3.7 (2.4, 5.1)";"3.7 (2.4, 5.1)";"53.9 (33.8,  73.9)";"26.9 (16.9, 37.0)";"5.9 (3.7,  8.0)";"2.8 (1.8, 3.9)";"3560.9 (2234.2, 4887.7)";" 759.3 (476.4, 1042.2)"
"2015-03-23";"132";"3426.4 (2141.8, 4711.1)";" 712.1 (445.1,  979.0)";" 9.2 ( 5.8, 12.7)";"0.9 (0.6, 1.3)";"3.7 (2.3, 5.1)";"3.7 (2.3, 5.1)";"52.9 (33.1,  72.8)";"26.5 (16.5, 36.4)";"5.8 (3.6,  7.9)";"2.8 (1.7, 3.8)";"3498.0 (2186.5, 4809.4)";" 745.9 (466.2, 1025.5)"
"2015-03-22";"131";"3365.1 (2095.9, 4634.3)";" 699.3 (435.6,  963.1)";" 9.0 ( 5.6, 12.4)";"0.9 (0.6, 1.2)";"3.6 (2.3, 5.0)";"3.6 (2.3, 5.0)";"52.0 (32.4,  71.6)";"26.0 (16.2, 35.8)";"5.6 (3.5,  7.8)";"2.7 (1.7, 3.7)";"3435.4 (2139.7, 4731.1)";" 732.5 (456.2, 1008.8)"
"2015-03-21";"130";"3304.3 (2050.9, 4557.6)";" 686.7 (426.2,  947.1)";" 8.9 ( 5.5, 12.2)";"0.9 (0.6, 1.2)";"3.5 (2.2, 4.9)";"3.5 (2.2, 4.9)";"51.0 (31.7,  70.4)";"25.5 (15.8, 35.2)";"5.5 (3.4,  7.7)";"2.7 (1.7, 3.7)";"3373.3 (2093.8, 4652.7)";" 719.3 (446.5,  992.1)"
"2015-03-20";"129";"3243.8 (2006.9, 4480.8)";" 674.1 (417.1,  931.2)";" 8.7 ( 5.4, 12.0)";"0.9 (0.5, 1.2)";"3.5 (2.2, 4.8)";"3.5 (2.2, 4.8)";"50.1 (31.0,  69.2)";"25.0 (15.5, 34.6)";"5.4 (3.4,  7.5)";"2.6 (1.6, 3.6)";"3311.6 (2048.8, 4574.4)";" 706.1 (436.9,  975.4)"
"2015-03-19";"128";"3183.9 (1963.7, 4404.1)";" 661.7 (408.1,  915.2)";" 8.6 ( 5.3, 11.8)";"0.9 (0.5, 1.2)";"3.4 (2.1, 4.7)";"3.4 (2.1, 4.7)";"49.2 (30.3,  68.0)";"24.6 (15.2, 34.0)";"5.3 (3.3,  7.4)";"2.6 (1.6, 3.5)";"3250.4 (2004.7, 4496.1)";" 693.1 (427.5,  958.7)"
"2015-03-18";"127";"3124.5 (1921.5, 4327.6)";" 649.3 (399.3,  899.3)";" 8.4 ( 5.2, 11.6)";"0.8 (0.5, 1.2)";"3.4 (2.1, 4.6)";"3.4 (2.1, 4.6)";"48.3 (29.7,  66.8)";"24.1 (14.8, 33.4)";"5.2 (3.2,  7.3)";"2.5 (1.5, 3.5)";"3189.8 (1961.6, 4417.9)";" 680.2 (418.3,  942.1)"
"2015-03-17";"126";"3065.6 (1880.1, 4251.2)";" 637.1 (390.7,  883.5)";" 8.2 ( 5.0, 11.4)";"0.8 (0.5, 1.1)";"3.3 (2.0, 4.6)";"3.3 (2.0, 4.6)";"47.3 (29.0,  65.7)";"23.7 (14.5, 32.8)";"5.1 (3.2,  7.1)";"2.5 (1.5, 3.4)";"3129.7 (1919.4, 4340.0)";" 667.3 (409.3,  925.4)"
"2015-03-16";"125";"3007.3 (1839.6, 4175.0)";" 625.0 (382.3,  867.6)";" 8.1 ( 4.9, 11.2)";"0.8 (0.5, 1.1)";"3.2 (2.0, 4.5)";"3.2 (2.0, 4.5)";"46.4 (28.4,  64.5)";"23.2 (14.2, 32.2)";"5.0 (3.1,  7.0)";"2.4 (1.5, 3.4)";"3070.1 (1878.0, 4262.2)";" 654.7 (400.5,  908.8)"
"2015-03-15";"124";"2949.6 (1799.9, 4099.2)";" 613.0 (374.1,  851.9)";" 7.9 ( 4.8, 11.0)";"0.8 (0.5, 1.1)";"3.2 (1.9, 4.4)";"3.2 (1.9, 4.4)";"45.6 (27.8,  63.3)";"22.8 (13.9, 31.7)";"5.0 (3.0,  6.9)";"2.4 (1.5, 3.3)";"3011.2 (1837.5, 4184.8)";" 642.1 (391.8,  892.3)"
"2015-03-14";"123";"2892.4 (1761.2, 4023.7)";" 601.1 (366.0,  836.2)";" 7.8 ( 4.7, 10.8)";"0.8 (0.5, 1.1)";"3.1 (1.9, 4.3)";"3.1 (1.9, 4.3)";"44.7 (27.2,  62.1)";"22.3 (13.6, 31.1)";"4.9 (3.0,  6.8)";"2.3 (1.4, 3.2)";"2952.8 (1797.9, 4107.7)";" 629.6 (383.4,  875.9)"
"2015-03-13";"122";"2835.8 (1723.2, 3948.5)";" 589.3 (358.1,  820.6)";" 7.6 ( 4.6, 10.6)";"0.8 (0.5, 1.1)";"3.0 (1.9, 4.2)";"3.0 (1.9, 4.2)";"43.8 (26.6,  61.0)";"21.9 (13.3, 30.5)";"4.8 (2.9,  6.6)";"2.3 (1.4, 3.2)";"2895.1 (1759.2, 4030.9)";" 617.3 (375.1,  859.5)"
"2015-03-12";"121";"2779.9 (1686.1, 3873.8)";" 577.7 (350.4,  805.0)";" 7.5 ( 4.5, 10.4)";"0.7 (0.5, 1.0)";"3.0 (1.8, 4.2)";"3.0 (1.8, 4.2)";"42.9 (26.0,  59.8)";"21.5 (13.0, 29.9)";"4.7 (2.8,  6.5)";"2.2 (1.4, 3.1)";"2838.0 (1721.3, 3954.7)";" 605.2 (367.0,  843.3)"
"2015-03-11";"120";"2724.6 (1649.7, 3799.5)";" 566.2 (342.8,  789.6)";" 7.3 ( 4.4, 10.2)";"0.7 (0.4, 1.0)";"2.9 (1.8, 4.1)";"2.9 (1.8, 4.1)";"42.1 (25.5,  58.7)";"21.0 (12.7, 29.3)";"4.6 (2.8,  6.4)";"2.2 (1.3, 3.1)";"2781.5 (1684.2, 3878.9)";" 593.1 (359.1,  827.1)"
"2015-03-10";"119";"2670.0 (1614.2, 3725.8)";" 554.9 (335.5,  774.3)";" 7.2 ( 4.3, 10.0)";"0.7 (0.4, 1.0)";"2.9 (1.7, 4.0)";"2.9 (1.7, 4.0)";"41.2 (24.9,  57.5)";"20.6 (12.5, 28.8)";"4.5 (2.7,  6.3)";"2.2 (1.3, 3.0)";"2725.8 (1647.9, 3803.6)";" 581.2 (351.4,  811.0)"
"2015-03-09";"118";"2616.1 (1579.5, 3652.6)";" 543.7 (328.2,  759.1)";" 7.0 ( 4.2,  9.8)";"0.7 (0.4, 1.0)";"2.8 (1.7, 3.9)";"2.8 (1.7, 3.9)";"40.4 (24.4,  56.4)";"20.2 (12.2, 28.2)";"4.4 (2.7,  6.1)";"2.1 (1.3, 2.9)";"2670.7 (1612.5, 3728.9)";" 569.5 (343.8,  795.1)"
"2015-03-08";"117";"2562.8 (1545.6, 3580.0)";" 532.6 (321.2,  744.0)";" 6.9 ( 4.2,  9.6)";"0.7 (0.4, 1.0)";"2.8 (1.7, 3.8)";"2.8 (1.7, 3.8)";"39.6 (23.9,  55.3)";"19.8 (11.9, 27.6)";"4.3 (2.6,  6.0)";"2.1 (1.2, 2.9)";"2616.3 (1577.8, 3654.7)";" 557.9 (336.4,  779.3)"
"2015-03-07";"116";"2510.2 (1512.4, 3508.0)";" 521.7 (314.3,  729.0)";" 6.7 ( 4.1,  9.4)";"0.7 (0.4, 0.9)";"2.7 (1.6, 3.8)";"2.7 (1.6, 3.8)";"38.8 (23.4,  54.2)";"19.4 (11.7, 27.1)";"4.2 (2.5,  5.9)";"2.0 (1.2, 2.8)";"2562.6 (1543.9, 3581.3)";" 546.4 (329.2,  763.6)"
"2015-03-06";"115";"2458.3 (1479.9, 3436.7)";" 510.9 (307.5,  714.2)";" 6.6 ( 4.0,  9.2)";"0.7 (0.4, 0.9)";"2.6 (1.6, 3.7)";"2.6 (1.6, 3.7)";"38.0 (22.9,  53.1)";"19.0 (11.4, 26.5)";"4.1 (2.5,  5.8)";"2.0 (1.2, 2.8)";"2509.6 (1510.8, 3508.5)";" 535.1 (322.2,  748.1)"
"2015-03-05";"114";"2407.1 (1448.2, 3366.1)";" 500.2 (301.0,  699.5)";" 6.5 ( 3.9,  9.0)";"0.6 (0.4, 0.9)";"2.6 (1.6, 3.6)";"2.6 (1.6, 3.6)";"37.2 (22.4,  52.0)";"18.6 (11.2, 26.0)";"4.0 (2.4,  5.7)";"1.9 (1.2, 2.7)";"2457.4 (1478.4, 3436.4)";" 524.0 (315.2,  732.8)"
"2015-03-04";"113";"2356.7 (1417.1, 3296.2)";" 489.8 (294.5,  685.0)";" 6.3 ( 3.8,  8.9)";"0.6 (0.4, 0.9)";"2.5 (1.5, 3.5)";"2.5 (1.5, 3.5)";"36.4 (21.9,  50.9)";"18.2 (10.9, 25.5)";"4.0 (2.4,  5.5)";"1.9 (1.1, 2.7)";"2405.9 (1446.7, 3365.0)";" 513.0 (308.5,  717.5)"
"2015-03-03";"112";"2307.0 (1386.8, 3227.1)";" 479.4 (288.2,  670.6)";" 6.2 ( 3.7,  8.7)";"0.6 (0.4, 0.9)";"2.5 (1.5, 3.5)";"2.5 (1.5, 3.5)";"35.6 (21.4,  49.8)";"17.8 (10.7, 24.9)";"3.9 (2.3,  5.4)";"1.9 (1.1, 2.6)";"2355.1 (1415.8, 3294.5)";" 502.2 (301.9,  702.5)"
"2015-03-02";"111";"2258.0 (1357.2, 3158.7)";" 469.2 (282.0,  656.4)";" 6.1 ( 3.6,  8.5)";"0.6 (0.4, 0.8)";"2.4 (1.5, 3.4)";"2.4 (1.5, 3.4)";"34.9 (21.0,  48.8)";"17.4 (10.5, 24.4)";"3.8 (2.3,  5.3)";"1.8 (1.1, 2.5)";"2305.1 (1385.5, 3224.7)";" 491.5 (295.4,  687.6)"
"2015-03-01";"110";"2209.7 (1328.2, 3091.2)";" 459.2 (276.0,  642.4)";" 5.9 ( 3.6,  8.3)";"0.6 (0.4, 0.8)";"2.4 (1.4, 3.3)";"2.4 (1.4, 3.3)";"34.1 (20.5,  47.7)";"17.1 (10.3, 23.9)";"3.7 (2.2,  5.2)";"1.8 (1.1, 2.5)";"2255.8 (1355.9, 3155.7)";" 481.0 (289.1,  672.9)"
"2015-02-28";"109";"2162.2 (1299.9, 3024.5)";" 449.3 (270.1,  628.5)";" 5.8 ( 3.5,  8.1)";"0.6 (0.3, 0.8)";"2.3 (1.4, 3.2)";"2.3 (1.4, 3.2)";"33.4 (20.1,  46.7)";"16.7 (10.0, 23.4)";"3.6 (2.2,  5.1)";"1.7 (1.0, 2.4)";"2207.3 (1327.0, 3087.6)";" 470.7 (283.0,  658.4)"
"2015-02-27";"108";"2115.4 (1272.2, 2958.6)";" 439.6 (264.4,  614.8)";" 5.7 ( 3.4,  7.9)";"0.6 (0.3, 0.8)";"2.3 (1.4, 3.2)";"2.3 (1.4, 3.2)";"32.7 (19.6,  45.7)";"16.3 ( 9.8, 22.8)";"3.6 (2.1,  5.0)";"1.7 (1.0, 2.4)";"2159.6 (1298.8, 3020.4)";" 460.5 (276.9,  644.0)"
"2015-02-26";"107";"2069.4 (1245.1, 2893.6)";" 430.0 (258.8,  601.3)";" 5.6 ( 3.3,  7.8)";"0.6 (0.3, 0.8)";"2.2 (1.3, 3.1)";"2.2 (1.3, 3.1)";"32.0 (19.2,  44.7)";"16.0 ( 9.6, 22.3)";"3.5 (2.1,  4.9)";"1.7 (1.0, 2.3)";"2112.6 (1271.1, 2954.0)";" 450.5 (271.0,  629.9)"
"2015-02-25";"106";"2024.1 (1218.7, 2829.5)";" 420.6 (253.3,  588.0)";" 5.4 ( 3.3,  7.6)";"0.5 (0.3, 0.8)";"2.2 (1.3, 3.0)";"2.2 (1.3, 3.0)";"31.3 (18.8,  43.7)";"15.6 ( 9.4, 21.8)";"3.4 (2.0,  4.7)";"1.6 (1.0, 2.3)";"2066.3 (1244.1, 2888.6)";" 440.6 (265.3,  615.9)"
"2015-02-24";"105";"1979.6 (1192.8, 2766.3)";" 411.4 (247.9,  574.9)";" 5.3 ( 3.2,  7.4)";"0.5 (0.3, 0.7)";"2.1 (1.3, 3.0)";"2.1 (1.3, 3.0)";"30.6 (18.4,  42.7)";"15.3 ( 9.2, 21.4)";"3.3 (2.0,  4.6)";"1.6 (1.0, 2.2)";"2020.9 (1217.7, 2824.0)";" 430.9 (259.7,  602.2)"
"2015-02-23";"104";"1935.8 (1167.5, 2704.0)";" 402.3 (242.6,  561.9)";" 5.2 ( 3.1,  7.3)";"0.5 (0.3, 0.7)";"2.1 (1.3, 2.9)";"2.1 (1.3, 2.9)";"29.9 (18.0,  41.8)";"14.9 ( 9.0, 20.9)";"3.2 (2.0,  4.5)";"1.6 (0.9, 2.2)";"1976.2 (1191.9, 2760.4)";" 421.4 (254.2,  588.6)"
"2015-02-22";"103";"1892.7 (1142.8, 2642.6)";" 393.3 (237.5,  549.2)";" 5.1 ( 3.1,  7.1)";"0.5 (0.3, 0.7)";"2.0 (1.2, 2.8)";"2.0 (1.2, 2.8)";"29.2 (17.6,  40.8)";"14.6 ( 8.8, 20.4)";"3.2 (1.9,  4.4)";"1.5 (0.9, 2.1)";"1932.2 (1166.7, 2697.8)";" 412.0 (248.8,  575.3)"
"2015-02-21";"102";"1850.4 (1118.6, 2582.2)";" 384.5 (232.5,  536.6)";" 5.0 ( 3.0,  6.9)";"0.5 (0.3, 0.7)";"2.0 (1.2, 2.8)";"2.0 (1.2, 2.8)";"28.6 (17.3,  39.9)";"14.3 ( 8.6, 19.9)";"3.1 (1.9,  4.3)";"1.5 (0.9, 2.1)";"1889.0 (1142.0, 2636.1)";" 402.8 (243.5,  562.1)"
"2015-02-20";"101";"1808.8 (1095.0, 2522.7)";" 375.9 (227.6,  524.3)";" 4.9 ( 2.9,  6.8)";"0.5 (0.3, 0.7)";"1.9 (1.2, 2.7)";"1.9 (1.2, 2.7)";"27.9 (16.9,  39.0)";"14.0 ( 8.5, 19.5)";"3.0 (1.8,  4.2)";"1.5 (0.9, 2.0)";"1846.6 (1117.8, 2575.4)";" 393.8 (238.4,  549.2)"
"2015-02-19";"100";"1768.0 (1071.8, 2464.2)";" 367.4 (222.7,  512.1)";" 4.7 ( 2.9,  6.6)";"0.5 (0.3, 0.7)";"1.9 (1.2, 2.6)";"1.9 (1.2, 2.6)";"27.3 (16.6,  38.1)";"13.7 ( 8.3, 19.0)";"3.0 (1.8,  4.1)";"1.4 (0.9, 2.0)";"1804.9 (1094.2, 2515.6)";" 384.9 (233.3,  536.4)"
"2015-02-18";"99";"1727.9 (1049.2, 2406.6)";" 359.1 (218.0,  500.1)";" 4.6 ( 2.8,  6.5)";"0.5 (0.3, 0.6)";"1.9 (1.1, 2.6)";"1.9 (1.1, 2.6)";"26.7 (16.2,  37.2)";"13.3 ( 8.1, 18.6)";"2.9 (1.8,  4.0)";"1.4 (0.8, 1.9)";"1764.0 (1071.1, 2456.9)";" 376.1 (228.4,  523.9)"
"2015-02-17";"98";"1688.6 (1027.1, 2350.0)";" 350.9 (213.4,  488.4)";" 4.5 ( 2.8,  6.3)";"0.5 (0.3, 0.6)";"1.8 (1.1, 2.5)";"1.8 (1.1, 2.5)";"26.1 (15.9,  36.3)";"13.0 ( 7.9, 18.1)";"2.8 (1.7,  3.9)";"1.4 (0.8, 1.9)";"1723.8 (1048.5, 2399.1)";" 367.6 (223.6,  511.6)"
"2015-02-16";"97";"1649.9 (1005.5, 2294.4)";" 342.9 (208.9,  476.8)";" 4.4 ( 2.7,  6.2)";"0.4 (0.3, 0.6)";"1.8 (1.1, 2.5)";"1.8 (1.1, 2.5)";"25.5 (15.5,  35.4)";"12.7 ( 7.8, 17.7)";"2.8 (1.7,  3.9)";"1.3 (0.8, 1.8)";"1684.4 (1026.4, 2342.3)";" 359.2 (218.9,  499.5)"
"2015-02-15";"96";"1612.0 ( 984.3, 2239.8)";" 335.0 (204.6,  465.5)";" 4.3 ( 2.6,  6.0)";"0.4 (0.3, 0.6)";"1.7 (1.1, 2.4)";"1.7 (1.1, 2.4)";"24.9 (15.2,  34.6)";"12.4 ( 7.6, 17.3)";"2.7 (1.7,  3.8)";"1.3 (0.8, 1.8)";"1645.7 (1004.8, 2286.6)";" 350.9 (214.3,  487.6)"
"2015-02-14";"95";"1574.9 ( 963.6, 2186.1)";" 327.3 (200.2,  454.3)";" 4.2 ( 2.6,  5.9)";"0.4 (0.3, 0.6)";"1.7 (1.0, 2.3)";"1.7 (1.0, 2.3)";"24.3 (14.9,  33.8)";"12.2 ( 7.4, 16.9)";"2.6 (1.6,  3.7)";"1.3 (0.8, 1.8)";"1607.7 ( 983.7, 2231.8)";" 342.8 (209.8,  475.9)"
"2015-02-13";"94";"1538.4 ( 943.3, 2133.4)";" 319.7 (196.0,  443.4)";" 4.1 ( 2.5,  5.7)";"0.4 (0.3, 0.6)";"1.7 (1.0, 2.3)";"1.7 (1.0, 2.3)";"23.8 (14.6,  32.9)";"11.9 ( 7.3, 16.5)";"2.6 (1.6,  3.6)";"1.2 (0.8, 1.7)";"1570.5 ( 963.0, 2178.0)";" 334.9 (205.3,  464.4)"
"2015-02-12";"93";"1502.6 ( 923.5, 2081.7)";" 312.3 (191.9,  432.6)";" 4.0 ( 2.5,  5.6)";"0.4 (0.2, 0.6)";"1.6 (1.0, 2.2)";"1.6 (1.0, 2.2)";"23.2 (14.3,  32.1)";"11.6 ( 7.1, 16.1)";"2.5 (1.6,  3.5)";"1.2 (0.7, 1.7)";"1534.0 ( 942.8, 2125.2)";" 327.1 (201.0,  453.2)"
"2015-02-11";"92";"1467.6 ( 904.1, 2031.0)";" 305.0 (187.9,  422.1)";" 3.9 ( 2.4,  5.5)";"0.4 (0.2, 0.5)";"1.6 (1.0, 2.2)";"1.6 (1.0, 2.2)";"22.7 (14.0,  31.4)";"11.3 ( 7.0, 15.7)";"2.5 (1.5,  3.4)";"1.2 (0.7, 1.6)";"1498.2 ( 923.0, 2073.4)";" 319.5 (196.8,  442.1)"
"2015-02-10";"91";"1433.2 ( 885.1, 1981.2)";" 297.8 (183.9,  411.7)";" 3.8 ( 2.4,  5.3)";"0.4 (0.2, 0.5)";"1.5 (1.0, 2.1)";"1.5 (1.0, 2.1)";"22.1 (13.7,  30.6)";"11.1 ( 6.8, 15.3)";"2.4 (1.5,  3.3)";"1.2 (0.7, 1.6)";"1463.1 ( 903.6, 2022.6)";" 312.0 (192.7,  431.3)"
"2015-02-09";"90";"1399.5 ( 866.5, 1932.5)";" 290.8 (180.1,  401.6)";" 3.8 ( 2.3,  5.2)";"0.4 (0.2, 0.5)";"1.5 (0.9, 2.1)";"1.5 (0.9, 2.1)";"21.6 (13.4,  29.8)";"10.8 ( 6.7, 14.9)";"2.3 (1.5,  3.2)";"1.1 (0.7, 1.6)";"1428.7 ( 884.6, 1972.8)";" 304.6 (188.6,  420.7)"
"2015-02-08";"89";"1366.5 ( 848.3, 1884.6)";" 284.0 (176.3,  391.7)";" 3.7 ( 2.3,  5.1)";"0.4 (0.2, 0.5)";"1.5 (0.9, 2.0)";"1.5 (0.9, 2.0)";"21.1 (13.1,  29.1)";"10.6 ( 6.6, 14.6)";"2.3 (1.4,  3.2)";"1.1 (0.7, 1.5)";"1395.0 ( 866.0, 1924.0)";" 297.5 (184.7,  410.3)"
"2015-02-07";"88";"1334.1 ( 830.5, 1837.7)";" 277.3 (172.6,  381.9)";" 3.6 ( 2.2,  4.9)";"0.4 (0.2, 0.5)";"1.4 (0.9, 2.0)";"1.4 (0.9, 2.0)";"20.6 (12.8,  28.4)";"10.3 ( 6.4, 14.2)";"2.2 (1.4,  3.1)";"1.1 (0.7, 1.5)";"1362.0 ( 847.9, 1876.1)";" 290.4 (180.8,  400.0)"
"2015-02-06";"87";"1302.4 ( 813.1, 1791.8)";" 270.7 (169.0,  372.4)";" 3.5 ( 2.2,  4.8)";"0.3 (0.2, 0.5)";"1.4 (0.9, 1.9)";"1.4 (0.9, 1.9)";"20.1 (12.6,  27.7)";"10.1 ( 6.3, 13.8)";"2.2 (1.4,  3.0)";"1.0 (0.7, 1.4)";"1329.6 ( 830.1, 1829.2)";" 283.5 (177.0,  390.1)"
"2015-02-05";"86";"1271.4 ( 796.0, 1746.8)";" 264.2 (165.4,  363.0)";" 3.4 ( 2.1,  4.7)";"0.3 (0.2, 0.5)";"1.4 (0.9, 1.9)";"1.4 (0.9, 1.9)";"19.6 (12.3,  27.0)";" 9.8 ( 6.1, 13.5)";"2.1 (1.3,  2.9)";"1.0 (0.6, 1.4)";"1298.0 ( 812.6, 1783.3)";" 276.8 (173.3,  380.3)"
"2015-02-04";"85";"1241.0 ( 779.3, 1702.8)";" 257.9 (161.9,  353.9)";" 3.3 ( 2.1,  4.6)";"0.3 (0.2, 0.5)";"1.3 (0.8, 1.8)";"1.3 (0.8, 1.8)";"19.2 (12.0,  26.3)";" 9.6 ( 6.0, 13.1)";"2.1 (1.3,  2.9)";"1.0 (0.6, 1.4)";"1266.9 ( 795.6, 1738.3)";" 270.2 (169.6,  370.7)"
"2015-02-03";"84";"1211.3 ( 762.9, 1659.7)";" 251.7 (158.6,  344.9)";" 3.3 ( 2.0,  4.5)";"0.3 (0.2, 0.4)";"1.3 (0.8, 1.8)";"1.3 (0.8, 1.8)";"18.7 (11.8,  25.6)";" 9.4 ( 5.9, 12.8)";"2.0 (1.3,  2.8)";"1.0 (0.6, 1.3)";"1236.6 ( 778.9, 1694.3)";" 263.7 (166.1,  361.3)"
"2015-02-02";"83";"1182.2 ( 746.9, 1617.5)";" 245.7 (155.2,  336.1)";" 3.2 ( 2.0,  4.3)";"0.3 (0.2, 0.4)";"1.3 (0.8, 1.7)";"1.3 (0.8, 1.7)";"18.3 (11.5,  25.0)";" 9.1 ( 5.8, 12.5)";"2.0 (1.3,  2.7)";"1.0 (0.6, 1.3)";"1206.9 ( 762.5, 1651.2)";" 257.3 (162.6,  352.1)"
"2015-02-01";"82";"1153.7 ( 731.2, 1576.2)";" 239.8 (152.0,  327.5)";" 3.1 ( 2.0,  4.2)";"0.3 (0.2, 0.4)";"1.2 (0.8, 1.7)";"1.2 (0.8, 1.7)";"17.8 (11.3,  24.3)";" 8.9 ( 5.6, 12.2)";"1.9 (1.2,  2.6)";"0.9 (0.6, 1.3)";"1177.8 ( 746.5, 1609.1)";" 251.1 (159.2,  343.1)"
"2015-01-31";"81";"1125.8 ( 715.9, 1535.8)";" 234.0 (148.8,  319.2)";" 3.0 ( 1.9,  4.1)";"0.3 (0.2, 0.4)";"1.2 (0.8, 1.6)";"1.2 (0.8, 1.6)";"17.4 (11.1,  23.7)";" 8.7 ( 5.5, 11.9)";"1.9 (1.2,  2.6)";"0.9 (0.6, 1.2)";"1149.3 ( 730.8, 1567.8)";" 245.1 (155.8,  334.3)"
"2015-01-30";"80";"1098.5 ( 700.8, 1496.2)";" 228.3 (145.6,  310.9)";" 3.0 ( 1.9,  4.0)";"0.3 (0.2, 0.4)";"1.2 (0.8, 1.6)";"1.2 (0.8, 1.6)";"17.0 (10.8,  23.1)";" 8.5 ( 5.4, 11.6)";"1.8 (1.2,  2.5)";"0.9 (0.6, 1.2)";"1121.5 ( 715.4, 1527.5)";" 239.1 (152.6,  325.7)"
"2015-01-29";"79";"1071.9 ( 686.1, 1457.6)";" 222.7 (142.6,  302.9)";" 2.9 ( 1.8,  3.9)";"0.3 (0.2, 0.4)";"1.2 (0.7, 1.6)";"1.2 (0.7, 1.6)";"16.6 (10.6,  22.5)";" 8.3 ( 5.3, 11.3)";"1.8 (1.2,  2.4)";"0.9 (0.6, 1.2)";"1094.2 ( 700.4, 1488.1)";" 233.3 (149.4,  317.3)"
"2015-01-28";"78";"1045.8 ( 671.6, 1419.9)";" 217.3 (139.6,  295.1)";" 2.8 ( 1.8,  3.8)";"0.3 (0.2, 0.4)";"1.1 (0.7, 1.5)";"1.1 (0.7, 1.5)";"16.2 (10.4,  21.9)";" 8.1 ( 5.2, 11.0)";"1.8 (1.1,  2.4)";"0.8 (0.5, 1.1)";"1067.6 ( 685.7, 1449.5)";" 227.6 (146.2,  309.1)"
"2015-01-27";"77";"1020.2 ( 657.5, 1382.9)";" 212.0 (136.6,  287.4)";" 2.7 ( 1.8,  3.7)";"0.3 (0.2, 0.4)";"1.1 (0.7, 1.5)";"1.1 (0.7, 1.5)";"15.8 (10.2,  21.4)";" 7.9 ( 5.1, 10.7)";"1.7 (1.1,  2.3)";"0.8 (0.5, 1.1)";"1041.5 ( 671.2, 1411.8)";" 222.1 (143.1,  301.0)"
"2015-01-26";"76";" 995.3 ( 643.6, 1346.9)";" 206.8 (133.8,  279.9)";" 2.7 ( 1.7,  3.6)";"0.3 (0.2, 0.4)";"1.1 (0.7, 1.4)";"1.1 (0.7, 1.4)";"15.4 ( 9.9,  20.8)";" 7.7 ( 5.0, 10.4)";"1.7 (1.1,  2.3)";"0.8 (0.5, 1.1)";"1016.0 ( 657.1, 1375.0)";" 216.7 (140.1,  293.2)"
"2015-01-25";"75";" 970.8 ( 630.1, 1311.6)";" 201.8 (130.9,  272.6)";" 2.6 ( 1.7,  3.5)";"0.3 (0.2, 0.4)";"1.0 (0.7, 1.4)";"1.0 (0.7, 1.4)";"15.0 ( 9.7,  20.3)";" 7.5 ( 4.9, 10.1)";"1.6 (1.1,  2.2)";"0.8 (0.5, 1.1)";" 991.1 ( 643.2, 1339.0)";" 211.3 (137.2,  285.5)"
"2015-01-24";"74";" 947.0 ( 616.8, 1277.2)";" 196.8 (128.2,  265.4)";" 2.5 ( 1.7,  3.4)";"0.3 (0.2, 0.3)";"1.0 (0.7, 1.4)";"1.0 (0.7, 1.4)";"14.6 ( 9.5,  19.7)";" 7.3 ( 4.8,  9.9)";"1.6 (1.0,  2.1)";"0.8 (0.5, 1.0)";" 966.8 ( 629.7, 1303.9)";" 206.1 (134.3,  278.0)"
"2015-01-23";"73";" 923.6 ( 603.7, 1243.6)";" 191.9 (125.5,  258.4)";" 2.5 ( 1.6,  3.3)";"0.2 (0.2, 0.3)";"1.0 (0.6, 1.3)";"1.0 (0.6, 1.3)";"14.3 ( 9.3,  19.2)";" 7.1 ( 4.7,  9.6)";"1.6 (1.0,  2.1)";"0.7 (0.5, 1.0)";" 942.9 ( 616.3, 1269.5)";" 201.1 (131.4,  270.7)"
"2015-01-22";"72";" 900.9 ( 591.0, 1210.7)";" 187.2 (122.8,  251.6)";" 2.4 ( 1.6,  3.3)";"0.2 (0.2, 0.3)";"1.0 (0.6, 1.3)";"1.0 (0.6, 1.3)";"13.9 ( 9.1,  18.7)";" 7.0 ( 4.6,  9.3)";"1.5 (1.0,  2.0)";"0.7 (0.5, 1.0)";" 919.7 ( 603.3, 1236.0)";" 196.1 (128.7,  263.6)"
"2015-01-21";"71";" 878.6 ( 578.5, 1178.7)";" 182.6 (120.2,  244.9)";" 2.4 ( 1.6,  3.2)";"0.2 (0.2, 0.3)";"0.9 (0.6, 1.3)";"0.9 (0.6, 1.3)";"13.6 ( 8.9,  18.2)";" 6.8 ( 4.5,  9.1)";"1.5 (1.0,  2.0)";"0.7 (0.5, 0.9)";" 896.9 ( 590.6, 1203.3)";" 191.3 (125.9,  256.6)"
"2015-01-20";"70";" 856.8 ( 566.2, 1147.4)";" 178.1 (117.7,  238.4)";" 2.3 ( 1.5,  3.1)";"0.2 (0.2, 0.3)";"0.9 (0.6, 1.2)";"0.9 (0.6, 1.2)";"13.2 ( 8.7,  17.7)";" 6.6 ( 4.4,  8.9)";"1.4 (1.0,  1.9)";"0.7 (0.5, 0.9)";" 874.7 ( 578.1, 1171.3)";" 186.5 (123.3,  249.8)"
"2015-01-19";"69";" 835.5 ( 554.2, 1116.9)";" 173.6 (115.2,  232.1)";" 2.2 ( 1.5,  3.0)";"0.2 (0.1, 0.3)";"0.9 (0.6, 1.2)";"0.9 (0.6, 1.2)";"12.9 ( 8.6,  17.2)";" 6.5 ( 4.3,  8.6)";"1.4 (0.9,  1.9)";"0.7 (0.4, 0.9)";" 853.0 ( 565.8, 1140.2)";" 181.9 (120.6,  243.1)"
"2015-01-18";"68";" 814.8 ( 542.5, 1087.0)";" 169.3 (112.7,  225.9)";" 2.2 ( 1.5,  2.9)";"0.2 (0.1, 0.3)";"0.9 (0.6, 1.2)";"0.9 (0.6, 1.2)";"12.6 ( 8.4,  16.8)";" 6.3 ( 4.2,  8.4)";"1.4 (0.9,  1.8)";"0.7 (0.4, 0.9)";" 831.8 ( 553.8, 1109.7)";" 177.4 (118.1,  236.6)"
"2015-01-17";"67";" 794.5 ( 531.0, 1058.0)";" 165.1 (110.3,  219.9)";" 2.1 ( 1.4,  2.8)";"0.2 (0.1, 0.3)";"0.9 (0.6, 1.1)";"0.9 (0.6, 1.1)";"12.3 ( 8.2,  16.3)";" 6.1 ( 4.1,  8.2)";"1.3 (0.9,  1.8)";"0.6 (0.4, 0.9)";" 811.1 ( 542.0, 1080.1)";" 172.9 (115.6,  230.3)"
"2015-01-16";"66";" 774.6 ( 519.7, 1029.6)";" 161.0 (108.0,  214.0)";" 2.1 ( 1.4,  2.8)";"0.2 (0.1, 0.3)";"0.8 (0.6, 1.1)";"0.8 (0.6, 1.1)";"12.0 ( 8.0,  15.9)";" 6.0 ( 4.0,  8.0)";"1.3 (0.9,  1.7)";"0.6 (0.4, 0.8)";" 790.8 ( 530.5, 1051.1)";" 168.6 (113.1,  224.1)"
"2015-01-15";"65";" 755.3 ( 508.6, 1002.0)";" 157.0 (105.7,  208.2)";" 2.0 ( 1.4,  2.7)";"0.2 (0.1, 0.3)";"0.8 (0.5, 1.1)";"0.8 (0.5, 1.1)";"11.7 ( 7.9,  15.5)";" 5.8 ( 3.9,  7.7)";"1.3 (0.9,  1.7)";"0.6 (0.4, 0.8)";" 771.1 ( 519.2, 1022.9)";" 164.4 (110.7,  218.1)"
"2015-01-14";"64";" 736.4 ( 497.8,  975.0)";" 153.0 (103.4,  202.6)";" 2.0 ( 1.3,  2.6)";"0.2 (0.1, 0.3)";"0.8 (0.5, 1.0)";"0.8 (0.5, 1.0)";"11.4 ( 7.7,  15.1)";" 5.7 ( 3.8,  7.5)";"1.2 (0.8,  1.6)";"0.6 (0.4, 0.8)";" 751.7 ( 508.2,  995.3)";" 160.3 (108.4,  212.2)"
"2015-01-13";"63";" 717.9 ( 487.1,  948.7)";" 149.2 (101.2,  197.1)";" 1.9 ( 1.3,  2.5)";"0.2 (0.1, 0.3)";"0.8 (0.5, 1.0)";"0.8 (0.5, 1.0)";"11.1 ( 7.5,  14.7)";" 5.5 ( 3.8,  7.3)";"1.2 (0.8,  1.6)";"0.6 (0.4, 0.8)";" 732.9 ( 497.3,  968.5)";" 156.3 (106.0,  206.5)"
"2015-01-12";"62";" 699.9 ( 476.7,  923.0)";" 145.4 ( 99.1,  191.8)";" 1.9 ( 1.3,  2.5)";"0.2 (0.1, 0.2)";"0.8 (0.5, 1.0)";"0.8 (0.5, 1.0)";"10.8 ( 7.4,  14.3)";" 5.4 ( 3.7,  7.1)";"1.2 (0.8,  1.5)";"0.6 (0.4, 0.7)";" 714.5 ( 486.7,  942.3)";" 152.4 (103.8,  200.9)"
"2015-01-11";"61";" 682.3 ( 466.5,  898.0)";" 141.8 ( 97.0,  186.6)";" 1.8 ( 1.3,  2.4)";"0.2 (0.1, 0.2)";"0.7 (0.5, 1.0)";"0.7 (0.5, 1.0)";"10.5 ( 7.2,  13.9)";" 5.3 ( 3.6,  6.9)";"1.1 (0.8,  1.5)";"0.5 (0.4, 0.7)";" 696.5 ( 476.3,  916.7)";" 148.5 (101.6,  195.5)"
"2015-01-10";"60";" 665.1 ( 456.5,  873.6)";" 138.2 ( 94.9,  181.6)";" 1.8 ( 1.2,  2.3)";"0.2 (0.1, 0.2)";"0.7 (0.5, 0.9)";"0.7 (0.5, 0.9)";"10.3 ( 7.1,  13.5)";" 5.1 ( 3.5,  6.7)";"1.1 (0.8,  1.5)";"0.5 (0.4, 0.7)";" 679.0 ( 466.1,  891.9)";" 144.8 ( 99.4,  190.2)"
"2015-01-09";"59";" 648.3 ( 446.7,  849.8)";" 134.7 ( 92.8,  176.6)";" 1.7 ( 1.2,  2.3)";"0.2 (0.1, 0.2)";"0.7 (0.5, 0.9)";"0.7 (0.5, 0.9)";"10.0 ( 6.9,  13.1)";" 5.0 ( 3.4,  6.6)";"1.1 (0.7,  1.4)";"0.5 (0.4, 0.7)";" 661.8 ( 456.1,  867.6)";" 141.1 ( 97.3,  185.0)"
"2015-01-08";"58";" 631.9 ( 437.2,  826.7)";" 131.3 ( 90.8,  171.8)";" 1.7 ( 1.2,  2.2)";"0.2 (0.1, 0.2)";"0.7 (0.5, 0.9)";"0.7 (0.5, 0.9)";" 9.8 ( 6.8,  12.8)";" 4.9 ( 3.4,  6.4)";"1.1 (0.7,  1.4)";"0.5 (0.4, 0.7)";" 645.1 ( 446.3,  844.0)";" 137.6 ( 95.2,  180.0)"
"2015-01-07";"57";" 616.0 ( 427.8,  804.1)";" 128.0 ( 88.9,  167.1)";" 1.7 ( 1.1,  2.2)";"0.2 (0.1, 0.2)";"0.7 (0.5, 0.9)";"0.7 (0.5, 0.9)";" 9.5 ( 6.6,  12.4)";" 4.8 ( 3.3,  6.2)";"1.0 (0.7,  1.3)";"0.5 (0.3, 0.6)";" 628.8 ( 436.7,  820.9)";" 134.1 ( 93.1,  175.0)"
"2015-01-06";"56";" 600.3 ( 418.5,  782.1)";" 124.8 ( 87.0,  162.5)";" 1.6 ( 1.1,  2.1)";"0.2 (0.1, 0.2)";"0.6 (0.4, 0.8)";"0.6 (0.4, 0.8)";" 9.3 ( 6.5,  12.1)";" 4.6 ( 3.2,  6.0)";"1.0 (0.7,  1.3)";"0.5 (0.3, 0.6)";" 612.9 ( 427.3,  798.5)";" 130.7 ( 91.1,  170.3)"
"2015-01-05";"55";" 585.1 ( 409.5,  760.7)";" 121.6 ( 85.1,  158.1)";" 1.6 ( 1.1,  2.0)";"0.2 (0.1, 0.2)";"0.6 (0.4, 0.8)";"0.6 (0.4, 0.8)";" 9.0 ( 6.3,  11.7)";" 4.5 ( 3.2,  5.9)";"1.0 (0.7,  1.3)";"0.5 (0.3, 0.6)";" 597.3 ( 418.1,  776.6)";" 127.4 ( 89.1,  165.6)"
"2015-01-04";"54";" 570.3 ( 400.7,  739.9)";" 118.5 ( 83.3,  153.8)";" 1.5 ( 1.1,  2.0)";"0.2 (0.1, 0.2)";"0.6 (0.4, 0.8)";"0.6 (0.4, 0.8)";" 8.8 ( 6.2,  11.4)";" 4.4 ( 3.1,  5.7)";"1.0 (0.7,  1.2)";"0.5 (0.3, 0.6)";" 582.2 ( 409.1,  755.3)";" 124.1 ( 87.2,  161.1)"
"2015-01-03";"53";" 555.8 ( 392.0,  719.5)";" 115.5 ( 81.5,  149.5)";" 1.5 ( 1.1,  1.9)";"0.1 (0.1, 0.2)";"0.6 (0.4, 0.8)";"0.6 (0.4, 0.8)";" 8.6 ( 6.1,  11.1)";" 4.3 ( 3.0,  5.6)";"0.9 (0.7,  1.2)";"0.4 (0.3, 0.6)";" 567.4 ( 400.2,  734.6)";" 121.0 ( 85.3,  156.6)"
"2015-01-02";"52";" 541.7 ( 383.6,  699.8)";" 112.6 ( 79.7,  145.4)";" 1.5 ( 1.0,  1.9)";"0.1 (0.1, 0.2)";"0.6 (0.4, 0.8)";"0.6 (0.4, 0.8)";" 8.4 ( 5.9,  10.8)";" 4.2 ( 3.0,  5.4)";"0.9 (0.6,  1.2)";"0.4 (0.3, 0.6)";" 553.0 ( 391.6,  714.4)";" 117.9 ( 83.5,  152.3)"
"2015-01-01";"51";" 527.9 ( 375.3,  680.5)";" 109.7 ( 78.0,  141.4)";" 1.4 ( 1.0,  1.8)";"0.1 (0.1, 0.2)";"0.6 (0.4, 0.7)";"0.6 (0.4, 0.7)";" 8.2 ( 5.8,  10.5)";" 4.1 ( 2.9,  5.3)";"0.9 (0.6,  1.1)";"0.4 (0.3, 0.5)";" 538.9 ( 383.1,  694.7)";" 114.9 ( 81.7,  148.1)"
"2014-12-31";"50";" 514.4 ( 367.1,  661.7)";" 106.9 ( 76.3,  137.5)";" 1.4 ( 1.0,  1.8)";"0.1 (0.1, 0.2)";"0.6 (0.4, 0.7)";"0.6 (0.4, 0.7)";" 7.9 ( 5.7,  10.2)";" 4.0 ( 2.8,  5.1)";"0.9 (0.6,  1.1)";"0.4 (0.3, 0.5)";" 525.2 ( 374.8,  675.5)";" 112.0 ( 79.9,  144.0)"
"2014-12-30";"49";" 501.3 ( 359.1,  643.4)";" 104.2 ( 74.6,  133.7)";" 1.3 ( 1.0,  1.7)";"0.1 (0.1, 0.2)";"0.5 (0.4, 0.7)";"0.5 (0.4, 0.7)";" 7.7 ( 5.5,   9.9)";" 3.9 ( 2.8,  5.0)";"0.8 (0.6,  1.1)";"0.4 (0.3, 0.5)";" 511.8 ( 366.6,  656.9)";" 109.1 ( 78.2,  140.1)"
"2014-12-29";"48";" 488.5 ( 351.3,  625.7)";" 101.5 ( 73.0,  130.0)";" 1.3 ( 0.9,  1.7)";"0.1 (0.1, 0.2)";"0.5 (0.4, 0.7)";"0.5 (0.4, 0.7)";" 7.5 ( 5.4,   9.7)";" 3.8 ( 2.7,  4.8)";"0.8 (0.6,  1.1)";"0.4 (0.3, 0.5)";" 498.7 ( 358.7,  638.7)";" 106.3 ( 76.5,  136.2)"
"2014-12-28";"47";" 476.0 ( 343.7,  608.4)";"  98.9 ( 71.4,  126.4)";" 1.3 ( 0.9,  1.6)";"0.1 (0.1, 0.2)";"0.5 (0.4, 0.7)";"0.5 (0.4, 0.7)";" 7.4 ( 5.3,   9.4)";" 3.7 ( 2.7,  4.7)";"0.8 (0.6,  1.0)";"0.4 (0.3, 0.5)";" 486.0 ( 350.9,  621.1)";" 103.6 ( 74.8,  132.4)"
"2014-12-27";"46";" 463.8 ( 336.2,  591.5)";"  96.4 ( 69.9,  122.9)";" 1.2 ( 0.9,  1.6)";"0.1 (0.1, 0.2)";"0.5 (0.4, 0.6)";"0.5 (0.4, 0.6)";" 7.2 ( 5.2,   9.1)";" 3.6 ( 2.6,  4.6)";"0.8 (0.6,  1.0)";"0.4 (0.3, 0.5)";" 473.5 ( 343.2,  603.8)";" 101.0 ( 73.2,  128.8)"
"2014-12-26";"45";" 451.9 ( 328.8,  575.1)";"  93.9 ( 68.3,  119.5)";" 1.2 ( 0.9,  1.5)";"0.1 (0.1, 0.2)";"0.5 (0.4, 0.6)";"0.5 (0.4, 0.6)";" 7.0 ( 5.1,   8.9)";" 3.5 ( 2.5,  4.4)";"0.8 (0.6,  1.0)";"0.4 (0.3, 0.5)";" 461.4 ( 335.7,  587.1)";"  98.4 ( 71.6,  125.2)"
"2014-12-25";"44";" 440.4 ( 321.6,  559.1)";"  91.5 ( 66.8,  116.2)";" 1.2 ( 0.9,  1.5)";"0.1 (0.1, 0.2)";"0.5 (0.3, 0.6)";"0.5 (0.3, 0.6)";" 6.8 ( 5.0,   8.6)";" 3.4 ( 2.5,  4.3)";"0.7 (0.5,  0.9)";"0.4 (0.3, 0.5)";" 449.6 ( 328.4,  570.8)";"  95.9 ( 70.0,  121.7)"
"2014-12-24";"43";" 429.1 ( 314.6,  543.5)";"  89.2 ( 65.4,  113.0)";" 1.2 ( 0.8,  1.5)";"0.1 (0.1, 0.1)";"0.5 (0.3, 0.6)";"0.5 (0.3, 0.6)";" 6.6 ( 4.9,   8.4)";" 3.3 ( 2.4,  4.2)";"0.7 (0.5,  0.9)";"0.3 (0.3, 0.4)";" 438.0 ( 321.2,  554.9)";"  93.4 ( 68.5,  118.3)"
"2014-12-23";"42";" 418.1 ( 307.7,  528.4)";"  86.9 ( 63.9,  109.8)";" 1.1 ( 0.8,  1.4)";"0.1 (0.1, 0.1)";"0.4 (0.3, 0.6)";"0.4 (0.3, 0.6)";" 6.5 ( 4.8,   8.2)";" 3.2 ( 2.4,  4.1)";"0.7 (0.5,  0.9)";"0.3 (0.2, 0.4)";" 426.8 ( 314.1,  539.5)";"  91.0 ( 67.0,  115.0)"
"2014-12-22";"41";" 407.3 ( 300.9,  513.7)";"  84.6 ( 62.5,  106.8)";" 1.1 ( 0.8,  1.4)";"0.1 (0.1, 0.1)";"0.4 (0.3, 0.6)";"0.4 (0.3, 0.6)";" 6.3 ( 4.6,   7.9)";" 3.1 ( 2.3,  4.0)";"0.7 (0.5,  0.9)";"0.3 (0.2, 0.4)";" 415.8 ( 307.2,  524.4)";"  88.7 ( 65.5,  111.8)"
"2014-12-21";"40";" 396.8 ( 294.3,  499.4)";"  82.5 ( 61.2,  103.8)";" 1.1 ( 0.8,  1.3)";"0.1 (0.1, 0.1)";"0.4 (0.3, 0.5)";"0.4 (0.3, 0.5)";" 6.1 ( 4.5,   7.7)";" 3.1 ( 2.3,  3.9)";"0.7 (0.5,  0.8)";"0.3 (0.2, 0.4)";" 405.1 ( 300.5,  509.8)";"  86.4 ( 64.1,  108.7)"
"2014-12-20";"39";" 386.6 ( 287.8,  485.5)";"  80.4 ( 59.8,  100.9)";" 1.0 ( 0.8,  1.3)";"0.1 (0.1, 0.1)";"0.4 (0.3, 0.5)";"0.4 (0.3, 0.5)";" 6.0 ( 4.4,   7.5)";" 3.0 ( 2.2,  3.7)";"0.6 (0.5,  0.8)";"0.3 (0.2, 0.4)";" 394.7 ( 293.8,  495.6)";"  84.2 ( 62.7,  105.7)"
"2014-12-19";"38";" 376.7 ( 281.5,  471.9)";"  78.3 ( 58.5,   98.1)";" 1.0 ( 0.8,  1.3)";"0.1 (0.1, 0.1)";"0.4 (0.3, 0.5)";"0.4 (0.3, 0.5)";" 5.8 ( 4.3,   7.3)";" 2.9 ( 2.2,  3.6)";"0.6 (0.5,  0.8)";"0.3 (0.2, 0.4)";" 384.6 ( 287.4,  481.7)";"  82.0 ( 61.3,  102.7)"
"2014-12-18";"37";" 367.0 ( 275.3,  458.7)";"  76.3 ( 57.2,   95.3)";" 1.0 ( 0.7,  1.2)";"0.1 (0.1, 0.1)";"0.4 (0.3, 0.5)";"0.4 (0.3, 0.5)";" 5.7 ( 4.3,   7.1)";" 2.8 ( 2.1,  3.5)";"0.6 (0.5,  0.8)";"0.3 (0.2, 0.4)";" 374.7 ( 281.0,  468.3)";"  79.9 ( 59.9,   99.9)"
"2014-12-17";"36";" 357.5 ( 269.2,  445.9)";"  74.3 ( 55.9,   92.7)";" 1.0 ( 0.7,  1.2)";"0.1 (0.1, 0.1)";"0.4 (0.3, 0.5)";"0.4 (0.3, 0.5)";" 5.5 ( 4.2,   6.9)";" 2.8 ( 2.1,  3.4)";"0.6 (0.5,  0.7)";"0.3 (0.2, 0.4)";" 365.0 ( 274.8,  455.2)";"  77.8 ( 58.6,   97.1)"
"2014-12-16";"35";" 348.3 ( 263.2,  433.4)";"  72.4 ( 54.7,   90.1)";" 0.9 ( 0.7,  1.2)";"0.1 (0.1, 0.1)";"0.4 (0.3, 0.5)";"0.4 (0.3, 0.5)";" 5.4 ( 4.1,   6.7)";" 2.7 ( 2.0,  3.3)";"0.6 (0.4,  0.7)";"0.3 (0.2, 0.3)";" 355.6 ( 268.7,  442.4)";"  75.8 ( 57.3,   94.3)"
"2014-12-15";"34";" 339.3 ( 257.4,  421.3)";"  70.5 ( 53.5,   87.5)";" 0.9 ( 0.7,  1.1)";"0.1 (0.1, 0.1)";"0.4 (0.3, 0.5)";"0.4 (0.3, 0.5)";" 5.2 ( 4.0,   6.5)";" 2.6 ( 2.0,  3.3)";"0.6 (0.4,  0.7)";"0.3 (0.2, 0.3)";" 346.4 ( 262.8,  430.0)";"  73.9 ( 56.0,   91.7)"
"2014-12-14";"33";" 330.6 ( 251.7,  409.4)";"  68.7 ( 52.3,   85.1)";" 0.9 ( 0.7,  1.1)";"0.1 (0.1, 0.1)";"0.4 (0.3, 0.4)";"0.4 (0.3, 0.4)";" 5.1 ( 3.9,   6.3)";" 2.6 ( 1.9,  3.2)";"0.6 (0.4,  0.7)";"0.3 (0.2, 0.3)";" 337.5 ( 256.9,  418.0)";"  72.0 ( 54.8,   89.1)"
"2014-12-13";"32";" 322.0 ( 246.1,  398.0)";"  66.9 ( 51.1,   82.7)";" 0.9 ( 0.7,  1.1)";"0.1 (0.1, 0.1)";"0.3 (0.3, 0.4)";"0.3 (0.3, 0.4)";" 5.0 ( 3.8,   6.1)";" 2.5 ( 1.9,  3.1)";"0.5 (0.4,  0.7)";"0.3 (0.2, 0.3)";" 328.8 ( 251.2,  406.3)";"  70.1 ( 53.6,   86.6)"
"2014-12-12";"31";" 313.7 ( 240.6,  386.8)";"  65.2 ( 50.0,   80.4)";" 0.8 ( 0.6,  1.0)";"0.1 (0.1, 0.1)";"0.3 (0.3, 0.4)";"0.3 (0.3, 0.4)";" 4.8 ( 3.7,   6.0)";" 2.4 ( 1.9,  3.0)";"0.5 (0.4,  0.6)";"0.3 (0.2, 0.3)";" 320.2 ( 245.6,  394.8)";"  68.3 ( 52.4,   84.2)"
"2014-12-11";"30";" 305.6 ( 235.3,  375.9)";"  63.5 ( 48.9,   78.1)";" 0.8 ( 0.6,  1.0)";"0.1 (0.1, 0.1)";"0.3 (0.3, 0.4)";"0.3 (0.3, 0.4)";" 4.7 ( 3.6,   5.8)";" 2.4 ( 1.8,  2.9)";"0.5 (0.4,  0.6)";"0.2 (0.2, 0.3)";" 312.0 ( 240.2,  383.8)";"  66.5 ( 51.2,   81.8)"
"2014-12-10";"29";" 297.7 ( 230.0,  365.4)";"  61.9 ( 47.8,   75.9)";" 0.8 ( 0.6,  1.0)";"0.1 (0.1, 0.1)";"0.3 (0.2, 0.4)";"0.3 (0.2, 0.4)";" 4.6 ( 3.6,   5.6)";" 2.3 ( 1.8,  2.8)";"0.5 (0.4,  0.6)";"0.2 (0.2, 0.3)";" 303.9 ( 234.8,  373.0)";"  64.8 ( 50.1,   79.5)"
"2014-12-09";"28";" 290.0 ( 224.9,  355.1)";"  60.3 ( 46.7,   73.8)";" 0.8 ( 0.6,  1.0)";"0.1 (0.1, 0.1)";"0.3 (0.2, 0.4)";"0.3 (0.2, 0.4)";" 4.5 ( 3.5,   5.5)";" 2.2 ( 1.7,  2.7)";"0.5 (0.4,  0.6)";"0.2 (0.2, 0.3)";" 296.0 ( 229.6,  362.5)";"  63.1 ( 49.0,   77.3)"
"2014-12-08";"27";" 282.5 ( 219.9,  345.1)";"  58.7 ( 45.7,   71.7)";" 0.8 ( 0.6,  0.9)";"0.1 (0.1, 0.1)";"0.3 (0.2, 0.4)";"0.3 (0.2, 0.4)";" 4.4 ( 3.4,   5.3)";" 2.2 ( 1.7,  2.7)";"0.5 (0.4,  0.6)";"0.2 (0.2, 0.3)";" 288.4 ( 224.4,  352.3)";"  61.5 ( 47.9,   75.1)"
"2014-12-07";"26";" 275.2 ( 214.9,  335.4)";"  57.2 ( 44.7,   69.7)";" 0.7 ( 0.6,  0.9)";"0.1 (0.1, 0.1)";"0.3 (0.2, 0.4)";"0.3 (0.2, 0.4)";" 4.2 ( 3.3,   5.2)";" 2.1 ( 1.7,  2.6)";"0.5 (0.4,  0.6)";"0.2 (0.2, 0.3)";" 280.9 ( 219.4,  342.4)";"  59.9 ( 46.8,   73.0)"
"2014-12-06";"25";" 268.0 ( 210.1,  325.9)";"  55.7 ( 43.7,   67.7)";" 0.7 ( 0.6,  0.9)";"0.1 (0.1, 0.1)";"0.3 (0.2, 0.4)";"0.3 (0.2, 0.4)";" 4.1 ( 3.2,   5.0)";" 2.1 ( 1.6,  2.5)";"0.4 (0.4,  0.5)";"0.2 (0.2, 0.3)";" 273.6 ( 214.5,  332.7)";"  58.3 ( 45.7,   70.9)"
"2014-12-05";"24";" 261.1 ( 205.4,  316.7)";"  54.3 ( 42.7,   65.8)";" 0.7 ( 0.6,  0.9)";"0.1 (0.1, 0.1)";"0.3 (0.2, 0.3)";"0.3 (0.2, 0.3)";" 4.0 ( 3.2,   4.9)";" 2.0 ( 1.6,  2.4)";"0.4 (0.3,  0.5)";"0.2 (0.2, 0.3)";" 266.5 ( 209.7,  323.4)";"  56.8 ( 44.7,   68.9)"
"2014-12-04";"23";" 254.3 ( 200.8,  307.8)";"  52.8 ( 41.7,   64.0)";" 0.7 ( 0.5,  0.8)";"0.1 (0.1, 0.1)";"0.3 (0.2, 0.3)";"0.3 (0.2, 0.3)";" 3.9 ( 3.1,   4.8)";" 2.0 ( 1.6,  2.4)";"0.4 (0.3,  0.5)";"0.2 (0.2, 0.2)";" 259.6 ( 205.0,  314.2)";"  55.4 ( 43.7,   67.0)"
"2014-12-03";"22";" 247.7 ( 196.3,  299.1)";"  51.5 ( 40.8,   62.2)";" 0.7 ( 0.5,  0.8)";"0.1 (0.1, 0.1)";"0.3 (0.2, 0.3)";"0.3 (0.2, 0.3)";" 3.8 ( 3.0,   4.6)";" 1.9 ( 1.5,  2.3)";"0.4 (0.3,  0.5)";"0.2 (0.2, 0.2)";" 252.9 ( 200.4,  305.4)";"  53.9 ( 42.7,   65.1)"
"2014-12-02";"21";" 241.3 ( 191.9,  290.7)";"  50.1 ( 39.9,   60.4)";" 0.6 ( 0.5,  0.8)";"0.1 (0.1, 0.1)";"0.3 (0.2, 0.3)";"0.3 (0.2, 0.3)";" 3.7 ( 3.0,   4.5)";" 1.9 ( 1.5,  2.2)";"0.4 (0.3,  0.5)";"0.2 (0.2, 0.2)";" 246.3 ( 195.9,  296.8)";"  52.5 ( 41.8,   63.3)"
"2014-12-01";"20";" 235.0 ( 187.5,  282.5)";"  48.8 ( 39.0,   58.7)";" 0.6 ( 0.5,  0.8)";"0.1 (0.1, 0.1)";"0.3 (0.2, 0.3)";"0.3 (0.2, 0.3)";" 3.6 ( 2.9,   4.4)";" 1.8 ( 1.4,  2.2)";"0.4 (0.3,  0.5)";"0.2 (0.2, 0.2)";" 239.9 ( 191.4,  288.4)";"  51.2 ( 40.8,   61.5)"
"2014-11-30";"19";" 228.9 ( 183.3,  274.5)";"  47.6 ( 38.1,   57.0)";" 0.6 ( 0.5,  0.7)";"0.1 (0.0, 0.1)";"0.2 (0.2, 0.3)";"0.2 (0.2, 0.3)";" 3.5 ( 2.8,   4.2)";" 1.8 ( 1.4,  2.1)";"0.4 (0.3,  0.5)";"0.2 (0.1, 0.2)";" 233.7 ( 187.1,  280.2)";"  49.8 ( 39.9,   59.8)"
"2014-11-29";"18";" 222.9 ( 179.1,  266.8)";"  46.3 ( 37.2,   55.4)";" 0.6 ( 0.5,  0.7)";"0.1 (0.0, 0.1)";"0.2 (0.2, 0.3)";"0.2 (0.2, 0.3)";" 3.4 ( 2.8,   4.1)";" 1.7 ( 1.4,  2.1)";"0.4 (0.3,  0.4)";"0.2 (0.1, 0.2)";" 227.6 ( 182.9,  272.3)";"  48.5 ( 39.0,   58.1)"
"2014-11-28";"17";" 217.2 ( 175.1,  259.2)";"  45.1 ( 36.4,   53.9)";" 0.6 ( 0.5,  0.7)";"0.1 (0.0, 0.1)";"0.2 (0.2, 0.3)";"0.2 (0.2, 0.3)";" 3.4 ( 2.7,   4.0)";" 1.7 ( 1.4,  2.0)";"0.4 (0.3,  0.4)";"0.2 (0.1, 0.2)";" 221.7 ( 178.8,  264.6)";"  47.3 ( 38.1,   56.4)"
"2014-11-27";"16";" 211.5 ( 171.1,  251.9)";"  44.0 ( 35.6,   52.3)";" 0.6 ( 0.5,  0.7)";"0.1 (0.0, 0.1)";"0.2 (0.2, 0.3)";"0.2 (0.2, 0.3)";" 3.3 ( 2.6,   3.9)";" 1.6 ( 1.3,  1.9)";"0.4 (0.3,  0.4)";"0.2 (0.1, 0.2)";" 215.9 ( 174.7,  257.2)";"  46.0 ( 37.3,   54.8)"
"2014-11-26";"15";" 206.0 ( 167.3,  244.8)";"  42.8 ( 34.8,   50.9)";" 0.6 ( 0.4,  0.7)";"0.1 (0.0, 0.1)";"0.2 (0.2, 0.3)";"0.2 (0.2, 0.3)";" 3.2 ( 2.6,   3.8)";" 1.6 ( 1.3,  1.9)";"0.3 (0.3,  0.4)";"0.2 (0.1, 0.2)";" 210.3 ( 170.8,  249.9)";"  44.8 ( 36.4,   53.3)"
"2014-11-25";"14";" 200.7 ( 163.5,  237.9)";"  41.7 ( 34.0,   49.4)";" 0.5 ( 0.4,  0.6)";"0.1 (0.0, 0.1)";"0.2 (0.2, 0.3)";"0.2 (0.2, 0.3)";" 3.1 ( 2.5,   3.7)";" 1.5 ( 1.3,  1.8)";"0.3 (0.3,  0.4)";"0.2 (0.1, 0.2)";" 204.9 ( 166.9,  242.8)";"  43.7 ( 35.6,   51.8)"
"2014-11-24";"13";" 195.4 ( 159.8,  231.1)";"  40.6 ( 33.2,   48.0)";" 0.5 ( 0.4,  0.6)";"0.1 (0.0, 0.1)";"0.2 (0.2, 0.2)";"0.2 (0.2, 0.2)";" 3.0 ( 2.5,   3.6)";" 1.5 ( 1.2,  1.8)";"0.3 (0.3,  0.4)";"0.2 (0.1, 0.2)";" 199.5 ( 163.1,  236.0)";"  42.5 ( 34.8,   50.3)"
"2014-11-23";"12";" 190.4 ( 156.1,  224.6)";"  39.6 ( 32.4,   46.7)";" 0.5 ( 0.4,  0.6)";"0.1 (0.0, 0.1)";"0.2 (0.2, 0.2)";"0.2 (0.2, 0.2)";" 2.9 ( 2.4,   3.5)";" 1.5 ( 1.2,  1.7)";"0.3 (0.3,  0.4)";"0.2 (0.1, 0.2)";" 194.3 ( 159.4,  229.3)";"  41.4 ( 34.0,   48.9)"
"2014-11-22";"11";" 185.4 ( 152.6,  218.2)";"  38.5 ( 31.7,   45.4)";" 0.5 ( 0.4,  0.6)";"0.0 (0.0, 0.1)";"0.2 (0.2, 0.2)";"0.2 (0.2, 0.2)";" 2.9 ( 2.4,   3.4)";" 1.4 ( 1.2,  1.7)";"0.3 (0.3,  0.4)";"0.1 (0.1, 0.2)";" 189.3 ( 155.8,  222.8)";"  40.4 ( 33.2,   47.5)"
"2014-11-21";"10";" 180.6 ( 149.1,  212.1)";"  37.5 ( 31.0,   44.1)";" 0.5 ( 0.4,  0.6)";"0.0 (0.0, 0.1)";"0.2 (0.2, 0.2)";"0.2 (0.2, 0.2)";" 2.8 ( 2.3,   3.3)";" 1.4 ( 1.2,  1.6)";"0.3 (0.3,  0.4)";"0.1 (0.1, 0.2)";" 184.3 ( 152.2,  216.5)";"  39.3 ( 32.5,   46.2)"
"2014-11-20";"9";" 175.9 ( 145.7,  206.1)";"  36.6 ( 30.3,   42.8)";" 0.5 ( 0.4,  0.6)";"0.0 (0.0, 0.1)";"0.2 (0.2, 0.2)";"0.2 (0.2, 0.2)";" 2.7 ( 2.3,   3.2)";" 1.4 ( 1.1,  1.6)";"0.3 (0.2,  0.3)";"0.1 (0.1, 0.2)";" 179.6 ( 148.7,  210.4)";"  38.3 ( 31.7,   44.9)"
"2014-11-19";"8";" 171.3 ( 142.4,  200.2)";"  35.6 ( 29.6,   41.6)";" 0.5 ( 0.4,  0.5)";"0.0 (0.0, 0.1)";"0.2 (0.2, 0.2)";"0.2 (0.2, 0.2)";" 2.6 ( 2.2,   3.1)";" 1.3 ( 1.1,  1.5)";"0.3 (0.2,  0.3)";"0.1 (0.1, 0.2)";" 174.9 ( 145.3,  204.4)";"  37.3 ( 31.0,   43.6)"
"2014-11-18";"7";" 166.8 ( 139.1,  194.5)";"  34.7 ( 28.9,   40.4)";" 0.4 ( 0.4,  0.5)";"0.0 (0.0, 0.1)";"0.2 (0.1, 0.2)";"0.2 (0.1, 0.2)";" 2.6 ( 2.1,   3.0)";" 1.3 ( 1.1,  1.5)";"0.3 (0.2,  0.3)";"0.1 (0.1, 0.2)";" 170.3 ( 142.0,  198.6)";"  36.3 ( 30.3,   42.3)"
"2014-11-17";"6";" 162.5 ( 135.9,  189.0)";"  33.8 ( 28.2,   39.3)";" 0.4 ( 0.4,  0.5)";"0.0 (0.0, 0.1)";"0.2 (0.1, 0.2)";"0.2 (0.1, 0.2)";" 2.5 ( 2.1,   2.9)";" 1.3 ( 1.0,  1.5)";"0.3 (0.2,  0.3)";"0.1 (0.1, 0.2)";" 165.9 ( 138.8,  193.0)";"  35.4 ( 29.6,   41.1)"
"2014-11-16";"5";" 158.2 ( 132.8,  183.7)";"  32.9 ( 27.6,   38.2)";" 0.4 ( 0.4,  0.5)";"0.0 (0.0, 0.0)";"0.2 (0.1, 0.2)";"0.2 (0.1, 0.2)";" 2.4 ( 2.1,   2.8)";" 1.2 ( 1.0,  1.4)";"0.3 (0.2,  0.3)";"0.1 (0.1, 0.1)";" 161.5 ( 135.6,  187.5)";"  34.4 ( 28.9,   40.0)"
"2014-11-15";"4";" 154.1 ( 129.8,  178.5)";"  32.0 ( 27.0,   37.1)";" 0.4 ( 0.3,  0.5)";"0.0 (0.0, 0.0)";"0.2 (0.1, 0.2)";"0.2 (0.1, 0.2)";" 2.4 ( 2.0,   2.8)";" 1.2 ( 1.0,  1.4)";"0.3 (0.2,  0.3)";"0.1 (0.1, 0.1)";" 157.3 ( 132.5,  182.2)";"  33.6 ( 28.3,   38.9)"
"2014-11-14";"3";" 150.1 ( 126.8,  173.4)";"  31.2 ( 26.4,   36.0)";" 0.4 ( 0.3,  0.5)";"0.0 (0.0, 0.0)";"0.2 (0.1, 0.2)";"0.2 (0.1, 0.2)";" 2.3 ( 2.0,   2.7)";" 1.2 ( 1.0,  1.3)";"0.3 (0.2,  0.3)";"0.1 (0.1, 0.1)";" 153.3 ( 129.5,  177.0)";"  32.7 ( 27.6,   37.8)"
"2014-11-13";"2";" 146.2 ( 123.9,  168.5)";"  30.4 ( 25.7,   35.0)";" 0.4 ( 0.3,  0.5)";"0.0 (0.0, 0.0)";"0.2 (0.1, 0.2)";"0.2 (0.1, 0.2)";" 2.3 ( 1.9,   2.6)";" 1.1 ( 1.0,  1.3)";"0.2 (0.2,  0.3)";"0.1 (0.1, 0.1)";" 149.3 ( 126.5,  172.0)";"  31.8 ( 27.0,   36.7)"
"2014-11-12";"1";" 142.4 ( 121.0,  163.7)";"  29.6 ( 25.2,   34.0)";" 0.4 ( 0.3,  0.4)";"0.0 (0.0, 0.0)";"0.2 (0.1, 0.2)";"0.2 (0.1, 0.2)";" 2.2 ( 1.9,   2.5)";" 1.1 ( 0.9,  1.3)";"0.2 (0.2,  0.3)";"0.1 (0.1, 0.1)";" 145.4 ( 123.6,  167.1)";"  31.0 ( 26.3,   35.6)"
"2014-11-11";"0";" 138.7 ( 118.3,  159.1)";"  28.8 ( 24.6,   33.1)";" 0.4 ( 0.3,  0.4)";"0.0 (0.0, 0.0)";"0.1 (0.1, 0.2)";"0.1 (0.1, 0.2)";" 2.1 ( 1.8,   2.5)";" 1.1 ( 0.9,  1.2)";"0.2 (0.2,  0.3)";"0.1 (0.1, 0.1)";" 141.6 ( 120.7,  162.4)";"  30.2 ( 25.7,   34.6)"
"2014-11-10";"-1";" 135.0 ( 115.5,  154.6)";"  28.1 ( 24.0,   32.1)";" 0.4 ( 0.3,  0.4)";"0.0 (0.0, 0.0)";"0.1 (0.1, 0.2)";"0.1 (0.1, 0.2)";" 2.1 ( 1.8,   2.4)";" 1.0 ( 0.9,  1.2)";"0.2 (0.2,  0.3)";"0.1 (0.1, 0.1)";" 137.9 ( 117.9,  157.8)";"  29.4 ( 25.1,   33.6)"
"2014-11-09";"-2";" 131.5 ( 112.9,  150.2)";"  27.3 ( 23.5,   31.2)";" 0.4 ( 0.3,  0.4)";"0.0 (0.0, 0.0)";"0.1 (0.1, 0.2)";"0.1 (0.1, 0.2)";" 2.0 ( 1.7,   2.3)";" 1.0 ( 0.9,  1.2)";"0.2 (0.2,  0.3)";"0.1 (0.1, 0.1)";" 134.3 ( 115.2,  153.3)";"  28.6 ( 24.6,   32.7)"
"2014-11-08";"-3";" 128.1 ( 110.3,  145.9)";"  26.6 ( 22.9,   30.3)";" 0.3 ( 0.3,  0.4)";"0.0 (0.0, 0.0)";"0.1 (0.1, 0.2)";"0.1 (0.1, 0.2)";" 2.0 ( 1.7,   2.3)";" 1.0 ( 0.9,  1.1)";"0.2 (0.2,  0.2)";"0.1 (0.1, 0.1)";" 130.8 ( 112.6,  149.0)";"  27.9 ( 24.0,   31.8)"
"2014-11-07";"-4";" 124.7 ( 107.7,  141.8)";"  25.9 ( 22.4,   29.5)";" 0.3 ( 0.3,  0.4)";"0.0 (0.0, 0.0)";"0.1 (0.1, 0.2)";"0.1 (0.1, 0.2)";" 1.9 ( 1.7,   2.2)";" 1.0 ( 0.8,  1.1)";"0.2 (0.2,  0.2)";"0.1 (0.1, 0.1)";" 127.4 ( 110.0,  144.7)";"  27.2 ( 23.4,   30.9)"
"2014-11-06";"-5";" 121.5 ( 105.2,  137.8)";"  25.2 ( 21.9,   28.6)";" 0.3 ( 0.3,  0.4)";"0.0 (0.0, 0.0)";"0.1 (0.1, 0.1)";"0.1 (0.1, 0.1)";" 1.9 ( 1.6,   2.1)";" 0.9 ( 0.8,  1.1)";"0.2 (0.2,  0.2)";"0.1 (0.1, 0.1)";" 124.0 ( 107.4,  140.6)";"  26.4 ( 22.9,   30.0)"
"2014-11-05";"-6";" 118.3 ( 102.8,  133.9)";"  24.6 ( 21.4,   27.8)";" 0.3 ( 0.3,  0.4)";"0.0 (0.0, 0.0)";"0.1 (0.1, 0.1)";"0.1 (0.1, 0.1)";" 1.8 ( 1.6,   2.1)";" 0.9 ( 0.8,  1.0)";"0.2 (0.2,  0.2)";"0.1 (0.1, 0.1)";" 120.8 ( 104.9,  136.7)";"  25.8 ( 22.4,   29.1)"
"2014-11-04";"-7";" 115.3 ( 100.4,  130.1)";"  24.0 ( 20.9,   27.0)";" 0.3 ( 0.3,  0.3)";"0.0 (0.0, 0.0)";"0.1 (0.1, 0.1)";"0.1 (0.1, 0.1)";" 1.8 ( 1.6,   2.0)";" 0.9 ( 0.8,  1.0)";"0.2 (0.2,  0.2)";"0.1 (0.1, 0.1)";" 117.7 ( 102.5,  132.8)";"  25.1 ( 21.9,   28.3)"
"2014-11-03";"-8";" 112.2 (  98.1,  126.4)";"  23.3 ( 20.4,   26.3)";" 0.3 ( 0.3,  0.3)";"0.0 (0.0, 0.0)";"0.1 (0.1, 0.1)";"0.1 (0.1, 0.1)";" 1.7 ( 1.5,   2.0)";" 0.9 ( 0.8,  1.0)";"0.2 (0.2,  0.2)";"0.1 (0.1, 0.1)";" 114.6 ( 100.1,  129.0)";"  24.4 ( 21.4,   27.5)"
"2014-11-02";"-9";" 109.3 (  95.8,  122.8)";"  22.7 ( 19.9,   25.5)";" 0.3 ( 0.3,  0.3)";"0.0 (0.0, 0.0)";"0.1 (0.1, 0.1)";"0.1 (0.1, 0.1)";" 1.7 ( 1.5,   1.9)";" 0.8 ( 0.7,  0.9)";"0.2 (0.2,  0.2)";"0.1 (0.1, 0.1)";" 111.6 (  97.8,  125.4)";"  23.8 ( 20.9,   26.7)"
"2014-11-01";"-10";" 106.4 (  93.6,  119.3)";"  22.1 ( 19.4,   24.8)";" 0.3 ( 0.3,  0.3)";"0.0 (0.0, 0.0)";"0.1 (0.1, 0.1)";"0.1 (0.1, 0.1)";" 1.6 ( 1.4,   1.8)";" 0.8 ( 0.7,  0.9)";"0.2 (0.2,  0.2)";"0.1 (0.1, 0.1)";" 108.7 (  95.5,  121.8)";"  23.2 ( 20.4,   26.0)"
"2014-10-31";"-11";" 103.7 (  91.4,  115.9)";"  21.5 ( 19.0,   24.1)";" 0.3 ( 0.2,  0.3)";"0.0 (0.0, 0.0)";"0.1 (0.1, 0.1)";"0.1 (0.1, 0.1)";" 1.6 ( 1.4,   1.8)";" 0.8 ( 0.7,  0.9)";"0.2 (0.2,  0.2)";"0.1 (0.1, 0.1)";" 105.8 (  93.3,  118.4)";"  22.6 ( 19.9,   25.2)"
"2014-10-30";"-12";" 101.0 (  89.3,  112.7)";"  21.0 ( 18.6,   23.4)";" 0.3 ( 0.2,  0.3)";"0.0 (0.0, 0.0)";"0.1 (0.1, 0.1)";"0.1 (0.1, 0.1)";" 1.6 ( 1.4,   1.7)";" 0.8 ( 0.7,  0.9)";"0.2 (0.1,  0.2)";"0.1 (0.1, 0.1)";" 103.1 (  91.1,  115.0)";"  22.0 ( 19.4,   24.5)"
"2014-10-29";"-13";"  98.3 (  87.2,  109.5)";"  20.4 ( 18.1,   22.7)";" 0.3 ( 0.2,  0.3)";"0.0 (0.0, 0.0)";"0.1 (0.1, 0.1)";"0.1 (0.1, 0.1)";" 1.5 ( 1.3,   1.7)";" 0.8 ( 0.7,  0.8)";"0.2 (0.1,  0.2)";"0.1 (0.1, 0.1)";" 100.4 (  89.0,  111.7)";"  21.4 ( 19.0,   23.8)"
"2014-10-28";"-14";"  95.8 (  85.2,  106.4)";"  19.9 ( 17.7,   22.1)";" 0.3 ( 0.2,  0.3)";"0.0 (0.0, 0.0)";"0.1 (0.1, 0.1)";"0.1 (0.1, 0.1)";" 1.5 ( 1.3,   1.6)";" 0.7 ( 0.7,  0.8)";"0.2 (0.1,  0.2)";"0.1 (0.1, 0.1)";"  97.8 (  87.0,  108.6)";"  20.8 ( 18.5,   23.2)"
"2014-10-27";"-15";"  93.3 (  83.2,  103.3)";"  19.4 ( 17.3,   21.5)";" 0.3 ( 0.2,  0.3)";"0.0 (0.0, 0.0)";"0.1 (0.1, 0.1)";"0.1 (0.1, 0.1)";" 1.4 ( 1.3,   1.6)";" 0.7 ( 0.6,  0.8)";"0.2 (0.1,  0.2)";"0.1 (0.1, 0.1)";"  95.2 (  84.9,  105.5)";"  20.3 ( 18.1,   22.5)"
"2014-10-26";"-16";"  90.8 (  81.3,  100.4)";"  18.9 ( 16.9,   20.9)";" 0.2 ( 0.2,  0.3)";"0.0 (0.0, 0.0)";"0.1 (0.1, 0.1)";"0.1 (0.1, 0.1)";" 1.4 ( 1.3,   1.6)";" 0.7 ( 0.6,  0.8)";"0.2 (0.1,  0.2)";"0.1 (0.1, 0.1)";"  92.7 (  82.9,  102.5)";"  19.8 ( 17.7,   21.9)"
"2014-10-25";"-17";"  88.5 (  79.4,   97.6)";"  18.4 ( 16.5,   20.3)";" 0.2 ( 0.2,  0.3)";"0.0 (0.0, 0.0)";"0.1 (0.1, 0.1)";"0.1 (0.1, 0.1)";" 1.4 ( 1.2,   1.5)";" 0.7 ( 0.6,  0.8)";"0.1 (0.1,  0.2)";"0.1 (0.1, 0.1)";"  90.3 (  81.0,   99.6)";"  19.3 ( 17.3,   21.2)"
"2014-10-24";"-18";"  86.2 (  77.5,   94.8)";"  17.9 ( 16.1,   19.7)";" 0.2 ( 0.2,  0.3)";"0.0 (0.0, 0.0)";"0.1 (0.1, 0.1)";"0.1 (0.1, 0.1)";" 1.3 ( 1.2,   1.5)";" 0.7 ( 0.6,  0.7)";"0.1 (0.1,  0.2)";"0.1 (0.1, 0.1)";"  88.0 (  79.1,   96.8)";"  18.8 ( 16.9,   20.6)"
"2014-10-23";"-19";"  83.9 (  75.7,   92.1)";"  17.4 ( 15.7,   19.1)";" 0.2 ( 0.2,  0.2)";"0.0 (0.0, 0.0)";"0.1 (0.1, 0.1)";"0.1 (0.1, 0.1)";" 1.3 ( 1.2,   1.4)";" 0.6 ( 0.6,  0.7)";"0.1 (0.1,  0.2)";"0.1 (0.1, 0.1)";"  85.7 (  77.3,   94.1)";"  18.3 ( 16.5,   20.1)"
"2014-10-22";"-20";"  81.7 (  73.9,   89.5)";"  17.0 ( 15.4,   18.6)";" 0.2 ( 0.2,  0.2)";"0.0 (0.0, 0.0)";"0.1 (0.1, 0.1)";"0.1 (0.1, 0.1)";" 1.3 ( 1.1,   1.4)";" 0.6 ( 0.6,  0.7)";"0.1 (0.1,  0.2)";"0.1 (0.1, 0.1)";"  83.4 (  75.4,   91.4)";"  17.8 ( 16.1,   19.5)"
"2014-10-21";"-21";"  79.6 (  72.2,   87.0)";"  16.5 ( 15.0,   18.1)";" 0.2 ( 0.2,  0.2)";"0.0 (0.0, 0.0)";"0.1 (0.1, 0.1)";"0.1 (0.1, 0.1)";" 1.2 ( 1.1,   1.3)";" 0.6 ( 0.6,  0.7)";"0.1 (0.1,  0.1)";"0.1 (0.1, 0.1)";"  81.2 (  73.7,   88.8)";"  17.3 ( 15.7,   18.9)"
"2014-10-20";"-22";"  77.5 (  70.5,   84.5)";"  16.1 ( 14.6,   17.6)";" 0.2 ( 0.2,  0.2)";"0.0 (0.0, 0.0)";"0.1 (0.1, 0.1)";"0.1 (0.1, 0.1)";" 1.2 ( 1.1,   1.3)";" 0.6 ( 0.5,  0.7)";"0.1 (0.1,  0.1)";"0.1 (0.1, 0.1)";"  79.1 (  71.9,   86.3)";"  16.9 ( 15.3,   18.4)"
"2014-10-19";"-23";"  75.5 (  68.8,   82.1)";"  15.7 ( 14.3,   17.1)";" 0.2 ( 0.2,  0.2)";"0.0 (0.0, 0.0)";"0.1 (0.1, 0.1)";"0.1 (0.1, 0.1)";" 1.2 ( 1.1,   1.3)";" 0.6 ( 0.5,  0.6)";"0.1 (0.1,  0.1)";"0.1 (0.1, 0.1)";"  77.1 (  70.2,   83.9)";"  16.4 ( 15.0,   17.9)"
"2014-10-18";"-24";"  73.5 (  67.2,   79.8)";"  15.3 ( 14.0,   16.6)";" 0.2 ( 0.2,  0.2)";"0.0 (0.0, 0.0)";"0.1 (0.1, 0.1)";"0.1 (0.1, 0.1)";" 1.1 ( 1.0,   1.2)";" 0.6 ( 0.5,  0.6)";"0.1 (0.1,  0.1)";"0.1 (0.1, 0.1)";"  75.1 (  68.6,   81.5)";"  16.0 ( 14.6,   17.4)"
"2014-10-17";"-25";"  71.6 (  65.6,   77.6)";"  14.9 ( 13.6,   16.1)";" 0.2 ( 0.2,  0.2)";"0.0 (0.0, 0.0)";"0.1 (0.1, 0.1)";"0.1 (0.1, 0.1)";" 1.1 ( 1.0,   1.2)";" 0.6 ( 0.5,  0.6)";"0.1 (0.1,  0.1)";"0.1 (0.1, 0.1)";"  73.1 (  67.0,   79.2)";"  15.6 ( 14.3,   16.9)"
"2014-10-16";"-26";"  69.7 (  64.1,   75.4)";"  14.5 ( 13.3,   15.7)";" 0.2 ( 0.2,  0.2)";"0.0 (0.0, 0.0)";"0.1 (0.1, 0.1)";"0.1 (0.1, 0.1)";" 1.1 ( 1.0,   1.2)";" 0.5 ( 0.5,  0.6)";"0.1 (0.1,  0.1)";"0.1 (0.1, 0.1)";"  71.2 (  65.4,   77.0)";"  15.2 ( 13.9,   16.4)"
"2014-10-15";"-27";"  67.9 (  62.6,   73.3)";"  14.1 ( 13.0,   15.2)";" 0.2 ( 0.2,  0.2)";"0.0 (0.0, 0.0)";"0.1 (0.1, 0.1)";"0.1 (0.1, 0.1)";" 1.0 ( 1.0,   1.1)";" 0.5 ( 0.5,  0.6)";"0.1 (0.1,  0.1)";"0.1 (0.1, 0.1)";"  69.3 (  63.9,   74.8)";"  14.8 ( 13.6,   15.9)"
"2014-10-14";"-28";"  66.1 (  61.1,   71.2)";"  13.7 ( 12.7,   14.8)";" 0.2 ( 0.2,  0.2)";"0.0 (0.0, 0.0)";"0.1 (0.1, 0.1)";"0.1 (0.1, 0.1)";" 1.0 ( 0.9,   1.1)";" 0.5 ( 0.5,  0.5)";"0.1 (0.1,  0.1)";"0.1 (0.0, 0.1)";"  67.5 (  62.3,   72.7)";"  14.4 ( 13.3,   15.5)"
"2014-10-13";"-29";"  64.4 (  59.6,   69.2)";"  13.4 ( 12.4,   14.4)";" 0.2 ( 0.2,  0.2)";"0.0 (0.0, 0.0)";"0.1 (0.1, 0.1)";"0.1 (0.1, 0.1)";" 1.0 ( 0.9,   1.1)";" 0.5 ( 0.5,  0.5)";"0.1 (0.1,  0.1)";"0.1 (0.0, 0.1)";"  65.8 (  60.9,   70.6)";"  14.0 ( 13.0,   15.1)"
"2014-10-12";"-30";"  62.7 (  58.2,   67.2)";"  13.0 ( 12.1,   14.0)";" 0.2 ( 0.2,  0.2)";"0.0 (0.0, 0.0)";"0.1 (0.1, 0.1)";"0.1 (0.1, 0.1)";" 1.0 ( 0.9,   1.0)";" 0.5 ( 0.4,  0.5)";"0.1 (0.1,  0.1)";"0.1 (0.0, 0.1)";"  64.0 (  59.4,   68.6)";"  13.7 ( 12.7,   14.6)"
"2014-10-11";"-31";"  61.1 (  56.8,   65.4)";"  12.7 ( 11.8,   13.6)";" 0.2 ( 0.2,  0.2)";"0.0 (0.0, 0.0)";"0.1 (0.1, 0.1)";"0.1 (0.1, 0.1)";" 0.9 ( 0.9,   1.0)";" 0.5 ( 0.4,  0.5)";"0.1 (0.1,  0.1)";"0.0 (0.0, 0.1)";"  62.4 (  58.0,   66.7)";"  13.3 ( 12.4,   14.2)"
"2014-10-10";"-32";"  59.5 (  55.5,   63.5)";"  12.4 ( 11.5,   13.2)";" 0.2 ( 0.1,  0.2)";"0.0 (0.0, 0.0)";"0.1 (0.1, 0.1)";"0.1 (0.1, 0.1)";" 0.9 ( 0.9,   1.0)";" 0.5 ( 0.4,  0.5)";"0.1 (0.1,  0.1)";"0.0 (0.0, 0.1)";"  60.7 (  56.6,   64.8)";"  13.0 ( 12.1,   13.8)"
"2014-10-09";"-33";"  57.9 (  54.1,   61.7)";"  12.0 ( 11.3,   12.8)";" 0.2 ( 0.1,  0.2)";"0.0 (0.0, 0.0)";"0.1 (0.1, 0.1)";"0.1 (0.1, 0.1)";" 0.9 ( 0.8,   1.0)";" 0.4 ( 0.4,  0.5)";"0.1 (0.1,  0.1)";"0.0 (0.0, 0.0)";"  59.1 (  55.3,   63.0)";"  12.6 ( 11.8,   13.4)"
"2014-10-08";"-34";"  56.4 (  52.9,   60.0)";"  11.7 ( 11.0,   12.5)";" 0.2 ( 0.1,  0.2)";"0.0 (0.0, 0.0)";"0.1 (0.1, 0.1)";"0.1 (0.1, 0.1)";" 0.9 ( 0.8,   0.9)";" 0.4 ( 0.4,  0.5)";"0.1 (0.1,  0.1)";"0.0 (0.0, 0.0)";"  57.6 (  54.0,   61.3)";"  12.3 ( 11.5,   13.1)"
"2014-10-07";"-35";"  54.9 (  51.6,   58.3)";"  11.4 ( 10.7,   12.1)";" 0.1 ( 0.1,  0.2)";"0.0 (0.0, 0.0)";"0.1 (0.1, 0.1)";"0.1 (0.1, 0.1)";" 0.8 ( 0.8,   0.9)";" 0.4 ( 0.4,  0.5)";"0.1 (0.1,  0.1)";"0.0 (0.0, 0.0)";"  56.1 (  52.7,   59.5)";"  12.0 ( 11.2,   12.7)"
"2014-10-06";"-36";"  53.5 (  50.4,   56.7)";"  11.1 ( 10.5,   11.8)";" 0.1 ( 0.1,  0.2)";"0.0 (0.0, 0.0)";"0.1 (0.1, 0.1)";"0.1 (0.1, 0.1)";" 0.8 ( 0.8,   0.9)";" 0.4 ( 0.4,  0.4)";"0.1 (0.1,  0.1)";"0.0 (0.0, 0.0)";"  54.6 (  51.4,   57.9)";"  11.7 ( 11.0,   12.3)"
"2014-10-05";"-37";"  52.1 (  49.1,   55.1)";"  10.8 ( 10.2,   11.5)";" 0.1 ( 0.1,  0.1)";"0.0 (0.0, 0.0)";"0.1 (0.1, 0.1)";"0.1 (0.1, 0.1)";" 0.8 ( 0.8,   0.9)";" 0.4 ( 0.4,  0.4)";"0.1 (0.1,  0.1)";"0.0 (0.0, 0.0)";"  53.2 (  50.2,   56.3)";"  11.3 ( 10.7,   12.0)"
"2014-10-04";"-38";"  50.8 (  48.0,   53.6)";"  10.5 ( 10.0,   11.1)";" 0.1 ( 0.1,  0.1)";"0.0 (0.0, 0.0)";"0.1 (0.1, 0.1)";"0.1 (0.1, 0.1)";" 0.8 ( 0.7,   0.8)";" 0.4 ( 0.4,  0.4)";"0.1 (0.1,  0.1)";"0.0 (0.0, 0.0)";"  51.8 (  49.0,   54.7)";"  11.1 ( 10.4,   11.7)"
"2014-10-03";"-39";"  49.4 (  46.8,   52.1)";"  10.3 (  9.7,   10.8)";" 0.1 ( 0.1,  0.1)";"0.0 (0.0, 0.0)";"0.1 (0.1, 0.1)";"0.1 (0.1, 0.1)";" 0.8 ( 0.7,   0.8)";" 0.4 ( 0.4,  0.4)";"0.1 (0.1,  0.1)";"0.0 (0.0, 0.0)";"  50.5 (  47.8,   53.2)";"  10.8 ( 10.2,   11.3)"
"2014-10-02";"-40";"  48.1 (  45.7,   50.6)";"  10.0 (  9.5,   10.5)";" 0.1 ( 0.1,  0.1)";"0.0 (0.0, 0.0)";"0.1 (0.0, 0.1)";"0.1 (0.0, 0.1)";" 0.7 ( 0.7,   0.8)";" 0.4 ( 0.4,  0.4)";"0.1 (0.1,  0.1)";"0.0 (0.0, 0.0)";"  49.2 (  46.6,   51.7)";"  10.5 (  9.9,   11.0)"
"2014-10-01";"-41";"  46.9 (  44.6,   49.2)";"   9.7 (  9.3,   10.2)";" 0.1 ( 0.1,  0.1)";"0.0 (0.0, 0.0)";"0.1 (0.0, 0.1)";"0.1 (0.0, 0.1)";" 0.7 ( 0.7,   0.8)";" 0.4 ( 0.3,  0.4)";"0.1 (0.1,  0.1)";"0.0 (0.0, 0.0)";"  47.9 (  45.5,   50.3)";"  10.2 (  9.7,   10.7)"
"2014-09-30";"-42";"  45.7 (  43.5,   47.9)";"   9.5 (  9.0,   10.0)";" 0.1 ( 0.1,  0.1)";"0.0 (0.0, 0.0)";"0.0 (0.0, 0.1)";"0.0 (0.0, 0.1)";" 0.7 ( 0.7,   0.7)";" 0.4 ( 0.3,  0.4)";"0.1 (0.1,  0.1)";"0.0 (0.0, 0.0)";"  46.6 (  44.4,   48.9)";"   9.9 (  9.5,   10.4)"
"2014-09-29";"-43";"  44.5 (  42.4,   46.6)";"   9.2 (  8.8,    9.7)";" 0.1 ( 0.1,  0.1)";"0.0 (0.0, 0.0)";"0.0 (0.0, 0.1)";"0.0 (0.0, 0.1)";" 0.7 ( 0.7,   0.7)";" 0.3 ( 0.3,  0.4)";"0.1 (0.1,  0.1)";"0.0 (0.0, 0.0)";"  45.4 (  43.3,   47.5)";"   9.7 (  9.2,   10.1)"
"2014-09-28";"-44";"  43.3 (  41.4,   45.3)";"   9.0 (  8.6,    9.4)";" 0.1 ( 0.1,  0.1)";"0.0 (0.0, 0.0)";"0.0 (0.0, 0.0)";"0.0 (0.0, 0.0)";" 0.7 ( 0.6,   0.7)";" 0.3 ( 0.3,  0.3)";"0.1 (0.1,  0.1)";"0.0 (0.0, 0.0)";"  44.2 (  42.2,   46.2)";"   9.4 (  9.0,    9.9)"
"2014-09-27";"-45";"  42.2 (  40.3,   44.1)";"   8.8 (  8.4,    9.2)";" 0.1 ( 0.1,  0.1)";"0.0 (0.0, 0.0)";"0.0 (0.0, 0.0)";"0.0 (0.0, 0.0)";" 0.7 ( 0.6,   0.7)";" 0.3 ( 0.3,  0.3)";"0.1 (0.1,  0.1)";"0.0 (0.0, 0.0)";"  43.1 (  41.2,   45.0)";"   9.2 (  8.8,    9.6)"
"2014-09-26";"-46";"  41.1 (  39.3,   42.9)";"   8.5 (  8.2,    8.9)";" 0.1 ( 0.1,  0.1)";"0.0 (0.0, 0.0)";"0.0 (0.0, 0.0)";"0.0 (0.0, 0.0)";" 0.6 ( 0.6,   0.7)";" 0.3 ( 0.3,  0.3)";"0.1 (0.1,  0.1)";"0.0 (0.0, 0.0)";"  42.0 (  40.2,   43.8)";"   8.9 (  8.6,    9.3)"
"2014-09-25";"-47";"  40.0 (  38.3,   41.7)";"   8.3 (  8.0,    8.7)";" 0.1 ( 0.1,  0.1)";"0.0 (0.0, 0.0)";"0.0 (0.0, 0.0)";"0.0 (0.0, 0.0)";" 0.6 ( 0.6,   0.6)";" 0.3 ( 0.3,  0.3)";"0.1 (0.1,  0.1)";"0.0 (0.0, 0.0)";"  40.9 (  39.1,   42.6)";"   8.7 (  8.3,    9.1)"
"2014-09-24";"-48";"  39.0 (  37.4,   40.6)";"   8.1 (  7.8,    8.4)";" 0.1 ( 0.1,  0.1)";"0.0 (0.0, 0.0)";"0.0 (0.0, 0.0)";"0.0 (0.0, 0.0)";" 0.6 ( 0.6,   0.6)";" 0.3 ( 0.3,  0.3)";"0.1 (0.1,  0.1)";"0.0 (0.0, 0.0)";"  39.8 (  38.2,   41.4)";"   8.5 (  8.1,    8.8)"
"2014-09-23";"-49";"  38.0 (  36.4,   39.5)";"   7.9 (  7.6,    8.2)";" 0.1 ( 0.1,  0.1)";"0.0 (0.0, 0.0)";"0.0 (0.0, 0.0)";"0.0 (0.0, 0.0)";" 0.6 ( 0.6,   0.6)";" 0.3 ( 0.3,  0.3)";"0.1 (0.1,  0.1)";"0.0 (0.0, 0.0)";"  38.8 (  37.2,   40.3)";"   8.3 (  7.9,    8.6)"
"2014-09-22";"-50";"  37.0 (  35.5,   38.5)";"   7.7 (  7.4,    8.0)";" 0.1 ( 0.1,  0.1)";"0.0 (0.0, 0.0)";"0.0 (0.0, 0.0)";"0.0 (0.0, 0.0)";" 0.6 ( 0.5,   0.6)";" 0.3 ( 0.3,  0.3)";"0.1 (0.1,  0.1)";"0.0 (0.0, 0.0)";"  37.8 (  36.3,   39.3)";"   8.1 (  7.7,    8.4)"
"2014-09-21";"-51";"  36.0 (  34.6,   37.4)";"   7.5 (  7.2,    7.8)";" 0.1 ( 0.1,  0.1)";"0.0 (0.0, 0.0)";"0.0 (0.0, 0.0)";"0.0 (0.0, 0.0)";" 0.6 ( 0.5,   0.6)";" 0.3 ( 0.3,  0.3)";"0.1 (0.1,  0.1)";"0.0 (0.0, 0.0)";"  36.8 (  35.4,   38.2)";"   7.8 (  7.5,    8.2)"
"2014-09-20";"-52";"  35.1 (  33.7,   36.4)";"   7.3 (  7.0,    7.6)";" 0.1 ( 0.1,  0.1)";"0.0 (0.0, 0.0)";"0.0 (0.0, 0.0)";"0.0 (0.0, 0.0)";" 0.5 ( 0.5,   0.6)";" 0.3 ( 0.3,  0.3)";"0.1 (0.1,  0.1)";"0.0 (0.0, 0.0)";"  35.8 (  34.4,   37.2)";"   7.6 (  7.3,    7.9)"
"2014-09-19";"-53";"  34.2 (  32.9,   35.5)";"   7.1 (  6.8,    7.4)";" 0.1 ( 0.1,  0.1)";"0.0 (0.0, 0.0)";"0.0 (0.0, 0.0)";"0.0 (0.0, 0.0)";" 0.5 ( 0.5,   0.5)";" 0.3 ( 0.3,  0.3)";"0.1 (0.1,  0.1)";"0.0 (0.0, 0.0)";"  34.9 (  33.5,   36.2)";"   7.4 (  7.2,    7.7)"
"2014-09-18";"-54";"  33.3 (  32.0,   34.6)";"   6.9 (  6.7,    7.2)";" 0.1 ( 0.1,  0.1)";"0.0 (0.0, 0.0)";"0.0 (0.0, 0.0)";"0.0 (0.0, 0.0)";" 0.5 ( 0.5,   0.5)";" 0.3 ( 0.2,  0.3)";"0.1 (0.1,  0.1)";"0.0 (0.0, 0.0)";"  34.0 (  32.7,   35.3)";"   7.2 (  7.0,    7.5)"
"2014-09-17";"-55";"  32.4 (  31.2,   33.7)";"   6.7 (  6.5,    7.0)";" 0.1 ( 0.1,  0.1)";"0.0 (0.0, 0.0)";"0.0 (0.0, 0.0)";"0.0 (0.0, 0.0)";" 0.5 ( 0.5,   0.5)";" 0.3 ( 0.2,  0.3)";"0.1 (0.1,  0.1)";"0.0 (0.0, 0.0)";"  33.1 (  31.8,   34.4)";"   7.1 (  6.8,    7.3)"
"2014-09-16";"-56";"  31.6 (  30.3,   32.8)";"   6.6 (  6.3,    6.8)";" 0.1 ( 0.1,  0.1)";"0.0 (0.0, 0.0)";"0.0 (0.0, 0.0)";"0.0 (0.0, 0.0)";" 0.5 ( 0.5,   0.5)";" 0.2 ( 0.2,  0.3)";"0.1 (0.1,  0.1)";"0.0 (0.0, 0.0)";"  32.2 (  31.0,   33.5)";"   6.9 (  6.6,    7.1)"
"2014-09-15";"-57";"  30.8 (  29.6,   32.0)";"   6.4 (  6.1,    6.6)";" 0.1 ( 0.1,  0.1)";"0.0 (0.0, 0.0)";"0.0 (0.0, 0.0)";"0.0 (0.0, 0.0)";" 0.5 ( 0.5,   0.5)";" 0.2 ( 0.2,  0.2)";"0.1 (0.0,  0.1)";"0.0 (0.0, 0.0)";"  31.4 (  30.2,   32.7)";"   6.7 (  6.4,    7.0)"
"2014-09-14";"-58";"  30.0 (  28.8,   31.2)";"   6.2 (  6.0,    6.5)";" 0.1 ( 0.1,  0.1)";"0.0 (0.0, 0.0)";"0.0 (0.0, 0.0)";"0.0 (0.0, 0.0)";" 0.5 ( 0.4,   0.5)";" 0.2 ( 0.2,  0.2)";"0.1 (0.0,  0.1)";"0.0 (0.0, 0.0)";"  30.6 (  29.4,   31.8)";"   6.5 (  6.3,    6.8)"
"2014-09-13";"-59";"  29.2 (  28.0,   30.4)";"   6.1 (  5.8,    6.3)";" 0.1 ( 0.1,  0.1)";"0.0 (0.0, 0.0)";"0.0 (0.0, 0.0)";"0.0 (0.0, 0.0)";" 0.5 ( 0.4,   0.5)";" 0.2 ( 0.2,  0.2)";"0.0 (0.0,  0.1)";"0.0 (0.0, 0.0)";"  29.8 (  28.6,   31.0)";"   6.4 (  6.1,    6.6)"
"2014-09-12";"-60";"  28.5 (  27.3,   29.6)";"   5.9 (  5.7,    6.2)";" 0.1 ( 0.1,  0.1)";"0.0 (0.0, 0.0)";"0.0 (0.0, 0.0)";"0.0 (0.0, 0.0)";" 0.4 ( 0.4,   0.5)";" 0.2 ( 0.2,  0.2)";"0.0 (0.0,  0.0)";"0.0 (0.0, 0.0)";"  29.0 (  27.8,   30.3)";"   6.2 (  5.9,    6.5)"
"2014-09-11";"-61";"  27.7 (  26.5,   28.9)";"   5.8 (  5.5,    6.0)";" 0.1 ( 0.1,  0.1)";"0.0 (0.0, 0.0)";"0.0 (0.0, 0.0)";"0.0 (0.0, 0.0)";" 0.4 ( 0.4,   0.4)";" 0.2 ( 0.2,  0.2)";"0.0 (0.0,  0.0)";"0.0 (0.0, 0.0)";"  28.3 (  27.1,   29.5)";"   6.0 (  5.8,    6.3)"
"2014-09-10";"-62";"  27.0 (  25.8,   28.2)";"   5.6 (  5.4,    5.9)";" 0.1 ( 0.1,  0.1)";"0.0 (0.0, 0.0)";"0.0 (0.0, 0.0)";"0.0 (0.0, 0.0)";" 0.4 ( 0.4,   0.4)";" 0.2 ( 0.2,  0.2)";"0.0 (0.0,  0.0)";"0.0 (0.0, 0.0)";"  27.6 (  26.4,   28.8)";"   5.9 (  5.6,    6.1)"
"2014-09-09";"-63";"  26.3 (  25.1,   27.5)";"   5.5 (  5.2,    5.7)";" 0.1 ( 0.1,  0.1)";"0.0 (0.0, 0.0)";"0.0 (0.0, 0.0)";"0.0 (0.0, 0.0)";" 0.4 ( 0.4,   0.4)";" 0.2 ( 0.2,  0.2)";"0.0 (0.0,  0.0)";"0.0 (0.0, 0.0)";"  26.8 (  25.6,   28.1)";"   5.7 (  5.5,    6.0)"
"2014-09-08";"-64";"  25.6 (  24.4,   26.8)";"   5.3 (  5.1,    5.6)";" 0.1 ( 0.1,  0.1)";"0.0 (0.0, 0.0)";"0.0 (0.0, 0.0)";"0.0 (0.0, 0.0)";" 0.4 ( 0.4,   0.4)";" 0.2 ( 0.2,  0.2)";"0.0 (0.0,  0.0)";"0.0 (0.0, 0.0)";"  26.2 (  24.9,   27.4)";"   5.6 (  5.3,    5.8)"
"2014-09-07";"-65";"  25.0 (  23.8,   26.2)";"   5.2 (  4.9,    5.4)";" 0.1 ( 0.1,  0.1)";"0.0 (0.0, 0.0)";"0.0 (0.0, 0.0)";"0.0 (0.0, 0.0)";" 0.4 ( 0.4,   0.4)";" 0.2 ( 0.2,  0.2)";"0.0 (0.0,  0.0)";"0.0 (0.0, 0.0)";"  25.5 (  24.3,   26.7)";"   5.4 (  5.2,    5.7)"
"2014-09-06";"-66";"  24.3 (  23.1,   25.6)";"   5.1 (  4.8,    5.3)";" 0.1 ( 0.1,  0.1)";"0.0 (0.0, 0.0)";"0.0 (0.0, 0.0)";"0.0 (0.0, 0.0)";" 0.4 ( 0.4,   0.4)";" 0.2 ( 0.2,  0.2)";"0.0 (0.0,  0.0)";"0.0 (0.0, 0.0)";"  24.9 (  23.6,   26.1)";"   5.3 (  5.0,    5.6)"
"2014-09-05";"-67";"  23.7 (  22.5,   24.9)";"   4.9 (  4.7,    5.2)";" 0.1 ( 0.1,  0.1)";"0.0 (0.0, 0.0)";"0.0 (0.0, 0.0)";"0.0 (0.0, 0.0)";" 0.4 ( 0.3,   0.4)";" 0.2 ( 0.2,  0.2)";"0.0 (0.0,  0.0)";"0.0 (0.0, 0.0)";"  24.2 (  23.0,   25.5)";"   5.2 (  4.9,    5.4)"
"2014-09-04";"-68";"  23.1 (  21.9,   24.4)";"   4.8 (  4.6,    5.1)";" 0.1 ( 0.1,  0.1)";"0.0 (0.0, 0.0)";"0.0 (0.0, 0.0)";"0.0 (0.0, 0.0)";" 0.4 ( 0.3,   0.4)";" 0.2 ( 0.2,  0.2)";"0.0 (0.0,  0.0)";"0.0 (0.0, 0.0)";"  23.6 (  22.4,   24.9)";"   5.0 (  4.8,    5.3)"
"2014-09-03";"-69";"  22.6 (  21.3,   23.8)";"   4.7 (  4.4,    4.9)";" 0.1 ( 0.1,  0.1)";"0.0 (0.0, 0.0)";"0.0 (0.0, 0.0)";"0.0 (0.0, 0.0)";" 0.3 ( 0.3,   0.4)";" 0.2 ( 0.2,  0.2)";"0.0 (0.0,  0.0)";"0.0 (0.0, 0.0)";"  23.0 (  21.8,   24.3)";"   4.9 (  4.6,    5.2)"
"2014-09-02";"-70";"  22.0 (  20.8,   23.2)";"   4.6 (  4.3,    4.8)";" 0.1 ( 0.1,  0.1)";"0.0 (0.0, 0.0)";"0.0 (0.0, 0.0)";"0.0 (0.0, 0.0)";" 0.3 ( 0.3,   0.4)";" 0.2 ( 0.2,  0.2)";"0.0 (0.0,  0.0)";"0.0 (0.0, 0.0)";"  22.5 (  21.2,   23.7)";"   4.8 (  4.5,    5.1)"
"2014-09-01";"-71";"  21.5 (  20.2,   22.7)";"   4.5 (  4.2,    4.7)";" 0.1 ( 0.1,  0.1)";"0.0 (0.0, 0.0)";"0.0 (0.0, 0.0)";"0.0 (0.0, 0.0)";" 0.3 ( 0.3,   0.4)";" 0.2 ( 0.2,  0.2)";"0.0 (0.0,  0.0)";"0.0 (0.0, 0.0)";"  21.9 (  20.7,   23.2)";"   4.7 (  4.4,    4.9)"
"2014-08-31";"-72";"  20.9 (  19.7,   22.2)";"   4.4 (  4.1,    4.6)";" 0.1 ( 0.1,  0.1)";"0.0 (0.0, 0.0)";"0.0 (0.0, 0.0)";"0.0 (0.0, 0.0)";" 0.3 ( 0.3,   0.3)";" 0.2 ( 0.2,  0.2)";"0.0 (0.0,  0.0)";"0.0 (0.0, 0.0)";"  21.4 (  20.1,   22.6)";"   4.6 (  4.3,    4.8)"
"2014-08-30";"-73";"  20.5 (  19.2,   21.7)";"   4.3 (  4.0,    4.5)";" 0.1 ( 0.1,  0.1)";"0.0 (0.0, 0.0)";"0.0 (0.0, 0.0)";"0.0 (0.0, 0.0)";" 0.3 ( 0.3,   0.3)";" 0.2 ( 0.1,  0.2)";"0.0 (0.0,  0.0)";"0.0 (0.0, 0.0)";"  20.9 (  19.6,   22.1)";"   4.5 (  4.2,    4.7)"
"2014-08-29";"-74";"  20.0 (  18.7,   21.2)";"   4.1 (  3.9,    4.4)";" 0.1 ( 0.1,  0.1)";"0.0 (0.0, 0.0)";"0.0 (0.0, 0.0)";"0.0 (0.0, 0.0)";" 0.3 ( 0.3,   0.3)";" 0.2 ( 0.1,  0.2)";"0.0 (0.0,  0.0)";"0.0 (0.0, 0.0)";"  20.4 (  19.1,   21.6)";"   4.3 (  4.1,    4.6)"
"2014-08-28";"-75";"  19.5 (  18.3,   20.7)";"   4.1 (  3.8,    4.3)";" 0.1 ( 0.0,  0.1)";"0.0 (0.0, 0.0)";"0.0 (0.0, 0.0)";"0.0 (0.0, 0.0)";" 0.3 ( 0.3,   0.3)";" 0.2 ( 0.1,  0.2)";"0.0 (0.0,  0.0)";"0.0 (0.0, 0.0)";"  19.9 (  18.7,   21.2)";"   4.2 (  4.0,    4.5)"
"2014-08-27";"-76";"  19.1 (  17.9,   20.3)";"   4.0 (  3.7,    4.2)";" 0.1 ( 0.0,  0.1)";"0.0 (0.0, 0.0)";"0.0 (0.0, 0.0)";"0.0 (0.0, 0.0)";" 0.3 ( 0.3,   0.3)";" 0.1 ( 0.1,  0.2)";"0.0 (0.0,  0.0)";"0.0 (0.0, 0.0)";"  19.5 (  18.3,   20.7)";"   4.2 (  3.9,    4.4)"
"2014-08-26";"-77";"  18.7 (  17.5,   19.8)";"   3.9 (  3.6,    4.1)";" 0.1 ( 0.0,  0.1)";"0.0 (0.0, 0.0)";"0.0 (0.0, 0.0)";"0.0 (0.0, 0.0)";" 0.3 ( 0.3,   0.3)";" 0.1 ( 0.1,  0.2)";"0.0 (0.0,  0.0)";"0.0 (0.0, 0.0)";"  19.1 (  17.9,   20.3)";"   4.1 (  3.8,    4.3)"
"2014-08-25";"-78";"  18.3 (  17.1,   19.5)";"   3.8 (  3.6,    4.0)";" 0.0 ( 0.0,  0.1)";"0.0 (0.0, 0.0)";"0.0 (0.0, 0.0)";"0.0 (0.0, 0.0)";" 0.3 ( 0.3,   0.3)";" 0.1 ( 0.1,  0.2)";"0.0 (0.0,  0.0)";"0.0 (0.0, 0.0)";"  18.7 (  17.5,   19.9)";"   4.0 (  3.7,    4.2)"
"2014-08-24";"-79";"  18.0 (  16.8,   19.1)";"   3.7 (  3.5,    4.0)";" 0.0 ( 0.0,  0.1)";"0.0 (0.0, 0.0)";"0.0 (0.0, 0.0)";"0.0 (0.0, 0.0)";" 0.3 ( 0.3,   0.3)";" 0.1 ( 0.1,  0.1)";"0.0 (0.0,  0.0)";"0.0 (0.0, 0.0)";"  18.3 (  17.2,   19.5)";"   3.9 (  3.7,    4.2)"
"2014-08-23";"-80";"  17.6 (  16.6,   18.7)";"   3.7 (  3.4,    3.9)";" 0.0 ( 0.0,  0.1)";"0.0 (0.0, 0.0)";"0.0 (0.0, 0.0)";"0.0 (0.0, 0.0)";" 0.3 ( 0.3,   0.3)";" 0.1 ( 0.1,  0.1)";"0.0 (0.0,  0.0)";"0.0 (0.0, 0.0)";"  18.0 (  16.9,   19.1)";"   3.8 (  3.6,    4.1)"
"2014-08-22";"-81";"  17.4 (  16.3,   18.4)";"   3.6 (  3.4,    3.8)";" 0.0 ( 0.0,  0.0)";"0.0 (0.0, 0.0)";"0.0 (0.0, 0.0)";"0.0 (0.0, 0.0)";" 0.3 ( 0.3,   0.3)";" 0.1 ( 0.1,  0.1)";"0.0 (0.0,  0.0)";"0.0 (0.0, 0.0)";"  17.7 (  16.7,   18.8)";"   3.8 (  3.6,    4.0)"
"2014-08-21";"-82";"  17.1 (  16.1,   18.1)";"   3.6 (  3.4,    3.8)";" 0.0 ( 0.0,  0.0)";"0.0 (0.0, 0.0)";"0.0 (0.0, 0.0)";"0.0 (0.0, 0.0)";" 0.3 ( 0.2,   0.3)";" 0.1 ( 0.1,  0.1)";"0.0 (0.0,  0.0)";"0.0 (0.0, 0.0)";"  17.5 (  16.5,   18.4)";"   3.7 (  3.5,    3.9)"
"2014-08-20";"-83";"  16.9 (  16.0,   17.8)";"   3.5 (  3.3,    3.7)";" 0.0 ( 0.0,  0.0)";"0.0 (0.0, 0.0)";"0.0 (0.0, 0.0)";"0.0 (0.0, 0.0)";" 0.3 ( 0.2,   0.3)";" 0.1 ( 0.1,  0.1)";"0.0 (0.0,  0.0)";"0.0 (0.0, 0.0)";"  17.2 (  16.3,   18.1)";"   3.7 (  3.5,    3.9)"
"2014-08-19";"-84";"  16.6 (  15.8,   17.5)";"   3.5 (  3.3,    3.6)";" 0.0 ( 0.0,  0.0)";"0.0 (0.0, 0.0)";"0.0 (0.0, 0.0)";"0.0 (0.0, 0.0)";" 0.3 ( 0.2,   0.3)";" 0.1 ( 0.1,  0.1)";"0.0 (0.0,  0.0)";"0.0 (0.0, 0.0)";"  17.0 (  16.1,   17.8)";"   3.6 (  3.4,    3.8)"
"2014-08-18";"-85";"  16.4 (  15.6,   17.2)";"   3.4 (  3.2,    3.6)";" 0.0 ( 0.0,  0.0)";"0.0 (0.0, 0.0)";"0.0 (0.0, 0.0)";"0.0 (0.0, 0.0)";" 0.3 ( 0.2,   0.3)";" 0.1 ( 0.1,  0.1)";"0.0 (0.0,  0.0)";"0.0 (0.0, 0.0)";"  16.7 (  15.9,   17.5)";"   3.6 (  3.4,    3.7)"
"2014-08-17";"-86";"  16.1 (  15.4,   16.9)";"   3.4 (  3.2,    3.5)";" 0.0 ( 0.0,  0.0)";"0.0 (0.0, 0.0)";"0.0 (0.0, 0.0)";"0.0 (0.0, 0.0)";" 0.2 ( 0.2,   0.3)";" 0.1 ( 0.1,  0.1)";"0.0 (0.0,  0.0)";"0.0 (0.0, 0.0)";"  16.5 (  15.7,   17.2)";"   3.5 (  3.4,    3.7)"
"2014-08-16";"-87";"  15.9 (  15.2,   16.6)";"   3.3 (  3.2,    3.4)";" 0.0 ( 0.0,  0.0)";"0.0 (0.0, 0.0)";"0.0 (0.0, 0.0)";"0.0 (0.0, 0.0)";" 0.2 ( 0.2,   0.3)";" 0.1 ( 0.1,  0.1)";"0.0 (0.0,  0.0)";"0.0 (0.0, 0.0)";"  16.2 (  15.5,   16.9)";"   3.5 (  3.3,    3.6)"
"2014-08-15";"-88";"  15.7 (  15.0,   16.3)";"   3.3 (  3.1,    3.4)";" 0.0 ( 0.0,  0.0)";"0.0 (0.0, 0.0)";"0.0 (0.0, 0.0)";"0.0 (0.0, 0.0)";" 0.2 ( 0.2,   0.3)";" 0.1 ( 0.1,  0.1)";"0.0 (0.0,  0.0)";"0.0 (0.0, 0.0)";"  16.0 (  15.4,   16.7)";"   3.4 (  3.3,    3.6)"
"2014-08-14";"-89";"  15.4 (  14.8,   16.0)";"   3.2 (  3.1,    3.3)";" 0.0 ( 0.0,  0.0)";"0.0 (0.0, 0.0)";"0.0 (0.0, 0.0)";"0.0 (0.0, 0.0)";" 0.2 ( 0.2,   0.2)";" 0.1 ( 0.1,  0.1)";"0.0 (0.0,  0.0)";"0.0 (0.0, 0.0)";"  15.8 (  15.1,   16.4)";"   3.4 (  3.2,    3.5)"
"2014-08-13";"-90";"  15.2 (  14.7,   15.8)";"   3.2 (  3.0,    3.3)";" 0.0 ( 0.0,  0.0)";"0.0 (0.0, 0.0)";"0.0 (0.0, 0.0)";"0.0 (0.0, 0.0)";" 0.2 ( 0.2,   0.2)";" 0.1 ( 0.1,  0.1)";"0.0 (0.0,  0.0)";"0.0 (0.0, 0.0)";"  15.5 (  15.0,   16.1)";"   3.3 (  3.2,    3.4)"
"2014-08-12";"-91";"  15.0 (  14.5,   15.5)";"   3.1 (  3.0,    3.2)";" 0.0 ( 0.0,  0.0)";"0.0 (0.0, 0.0)";"0.0 (0.0, 0.0)";"0.0 (0.0, 0.0)";" 0.2 ( 0.2,   0.2)";" 0.1 ( 0.1,  0.1)";"0.0 (0.0,  0.0)";"0.0 (0.0, 0.0)";"  15.3 (  14.8,   15.8)";"   3.3 (  3.2,    3.4)"
"2014-08-11";"-92";"  14.8 (  14.3,   15.3)";"   3.1 (  3.0,    3.2)";" 0.0 ( 0.0,  0.0)";"0.0 (0.0, 0.0)";"0.0 (0.0, 0.0)";"0.0 (0.0, 0.0)";" 0.2 ( 0.2,   0.2)";" 0.1 ( 0.1,  0.1)";"0.0 (0.0,  0.0)";"0.0 (0.0, 0.0)";"  15.1 (  14.6,   15.6)";"   3.2 (  3.1,    3.3)"
"2014-08-10";"-93";"  14.6 (  14.1,   15.0)";"   3.0 (  2.9,    3.1)";" 0.0 ( 0.0,  0.0)";"0.0 (0.0, 0.0)";"0.0 (0.0, 0.0)";"0.0 (0.0, 0.0)";" 0.2 ( 0.2,   0.2)";" 0.1 ( 0.1,  0.1)";"0.0 (0.0,  0.0)";"0.0 (0.0, 0.0)";"  14.9 (  14.4,   15.3)";"   3.2 (  3.1,    3.3)"
"2014-08-09";"-94";"  14.4 (  13.9,   14.8)";"   3.0 (  2.9,    3.1)";" 0.0 ( 0.0,  0.0)";"0.0 (0.0, 0.0)";"0.0 (0.0, 0.0)";"0.0 (0.0, 0.0)";" 0.2 ( 0.2,   0.2)";" 0.1 ( 0.1,  0.1)";"0.0 (0.0,  0.0)";"0.0 (0.0, 0.0)";"  14.7 (  14.2,   15.1)";"   3.1 (  3.0,    3.2)"
"2014-08-08";"-95";"  14.2 (  13.8,   14.6)";"   2.9 (  2.9,    3.0)";" 0.0 ( 0.0,  0.0)";"0.0 (0.0, 0.0)";"0.0 (0.0, 0.0)";"0.0 (0.0, 0.0)";" 0.2 ( 0.2,   0.2)";" 0.1 ( 0.1,  0.1)";"0.0 (0.0,  0.0)";"0.0 (0.0, 0.0)";"  14.5 (  14.1,   14.9)";"   3.1 (  3.0,    3.2)"
"2014-08-07";"-96";"  13.9 (  13.6,   14.3)";"   2.9 (  2.8,    3.0)";" 0.0 ( 0.0,  0.0)";"0.0 (0.0, 0.0)";"0.0 (0.0, 0.0)";"0.0 (0.0, 0.0)";" 0.2 ( 0.2,   0.2)";" 0.1 ( 0.1,  0.1)";"0.0 (0.0,  0.0)";"0.0 (0.0, 0.0)";"  14.2 (  13.9,   14.6)";"   3.0 (  3.0,    3.1)"
"2014-08-06";"-97";"  13.7 (  13.4,   14.1)";"   2.9 (  2.8,    2.9)";" 0.0 ( 0.0,  0.0)";"0.0 (0.0, 0.0)";"0.0 (0.0, 0.0)";"0.0 (0.0, 0.0)";" 0.2 ( 0.2,   0.2)";" 0.1 ( 0.1,  0.1)";"0.0 (0.0,  0.0)";"0.0 (0.0, 0.0)";"  14.0 (  13.7,   14.4)";"   3.0 (  2.9,    3.1)"
"2014-08-05";"-98";"  13.6 (  13.2,   13.9)";"   2.8 (  2.7,    2.9)";" 0.0 ( 0.0,  0.0)";"0.0 (0.0, 0.0)";"0.0 (0.0, 0.0)";"0.0 (0.0, 0.0)";" 0.2 ( 0.2,   0.2)";" 0.1 ( 0.1,  0.1)";"0.0 (0.0,  0.0)";"0.0 (0.0, 0.0)";"  13.8 (  13.5,   14.2)";"   3.0 (  2.9,    3.0)"
"2014-08-04";"-99";"  13.4 (  13.0,   13.7)";"   2.8 (  2.7,    2.8)";" 0.0 ( 0.0,  0.0)";"0.0 (0.0, 0.0)";"0.0 (0.0, 0.0)";"0.0 (0.0, 0.0)";" 0.2 ( 0.2,   0.2)";" 0.1 ( 0.1,  0.1)";"0.0 (0.0,  0.0)";"0.0 (0.0, 0.0)";"  13.6 (  13.3,   14.0)";"   2.9 (  2.8,    3.0)"
"2014-08-03";"-100";"  13.2 (  12.8,   13.5)";"   2.7 (  2.7,    2.8)";" 0.0 ( 0.0,  0.0)";"0.0 (0.0, 0.0)";"0.0 (0.0, 0.0)";"0.0 (0.0, 0.0)";" 0.2 ( 0.2,   0.2)";" 0.1 ( 0.1,  0.1)";"0.0 (0.0,  0.0)";"0.0 (0.0, 0.0)";"  13.4 (  13.1,   13.8)";"   2.9 (  2.8,    2.9)"
"2014-08-02";"-101";"  13.0 (  12.6,   13.3)";"   2.7 (  2.6,    2.8)";" 0.0 ( 0.0,  0.0)";"0.0 (0.0, 0.0)";"0.0 (0.0, 0.0)";"0.0 (0.0, 0.0)";" 0.2 ( 0.2,   0.2)";" 0.1 ( 0.1,  0.1)";"0.0 (0.0,  0.0)";"0.0 (0.0, 0.0)";"  13.2 (  12.9,   13.6)";"   2.8 (  2.7,    2.9)"
"2014-08-01";"-102";"  12.8 (  12.4,   13.1)";"   2.7 (  2.6,    2.7)";" 0.0 ( 0.0,  0.0)";"0.0 (0.0, 0.0)";"0.0 (0.0, 0.0)";"0.0 (0.0, 0.0)";" 0.2 ( 0.2,   0.2)";" 0.1 ( 0.1,  0.1)";"0.0 (0.0,  0.0)";"0.0 (0.0, 0.0)";"  13.1 (  12.7,   13.4)";"   2.8 (  2.7,    2.9)"
"2014-07-31";"-103";"  12.6 (  12.2,   13.0)";"   2.6 (  2.5,    2.7)";" 0.0 ( 0.0,  0.0)";"0.0 (0.0, 0.0)";"0.0 (0.0, 0.0)";"0.0 (0.0, 0.0)";" 0.2 ( 0.2,   0.2)";" 0.1 ( 0.1,  0.1)";"0.0 (0.0,  0.0)";"0.0 (0.0, 0.0)";"  12.9 (  12.5,   13.2)";"   2.7 (  2.7,    2.8)"
"2014-07-30";"-104";"  12.4 (  12.1,   12.8)";"   2.6 (  2.5,    2.7)";" 0.0 ( 0.0,  0.0)";"0.0 (0.0, 0.0)";"0.0 (0.0, 0.0)";"0.0 (0.0, 0.0)";" 0.2 ( 0.2,   0.2)";" 0.1 ( 0.1,  0.1)";"0.0 (0.0,  0.0)";"0.0 (0.0, 0.0)";"  12.7 (  12.3,   13.1)";"   2.7 (  2.6,    2.8)"
"2014-07-29";"-105";"  12.2 (  11.9,   12.6)";"   2.5 (  2.5,    2.6)";" 0.0 ( 0.0,  0.0)";"0.0 (0.0, 0.0)";"0.0 (0.0, 0.0)";"0.0 (0.0, 0.0)";" 0.2 ( 0.2,   0.2)";" 0.1 ( 0.1,  0.1)";"0.0 (0.0,  0.0)";"0.0 (0.0, 0.0)";"  12.5 (  12.1,   12.9)";"   2.7 (  2.6,    2.7)"
"2014-07-28";"-106";"  12.1 (  11.7,   12.5)";"   2.5 (  2.4,    2.6)";" 0.0 ( 0.0,  0.0)";"0.0 (0.0, 0.0)";"0.0 (0.0, 0.0)";"0.0 (0.0, 0.0)";" 0.2 ( 0.2,   0.2)";" 0.1 ( 0.1,  0.1)";"0.0 (0.0,  0.0)";"0.0 (0.0, 0.0)";"  12.3 (  11.9,   12.7)";"   2.6 (  2.5,    2.7)"
"2014-07-27";"-107";"  11.9 (  11.5,   12.3)";"   2.5 (  2.4,    2.6)";" 0.0 ( 0.0,  0.0)";"0.0 (0.0, 0.0)";"0.0 (0.0, 0.0)";"0.0 (0.0, 0.0)";" 0.2 ( 0.2,   0.2)";" 0.1 ( 0.1,  0.1)";"0.0 (0.0,  0.0)";"0.0 (0.0, 0.0)";"  12.1 (  11.7,   12.6)";"   2.6 (  2.5,    2.7)"
"2014-07-26";"-108";"  11.7 (  11.3,   12.2)";"   2.4 (  2.3,    2.5)";" 0.0 ( 0.0,  0.0)";"0.0 (0.0, 0.0)";"0.0 (0.0, 0.0)";"0.0 (0.0, 0.0)";" 0.2 ( 0.2,   0.2)";" 0.1 ( 0.1,  0.1)";"0.0 (0.0,  0.0)";"0.0 (0.0, 0.0)";"  12.0 (  11.5,   12.4)";"   2.6 (  2.5,    2.6)"
"2014-07-25";"-109";"  11.5 (  11.1,   12.0)";"   2.4 (  2.3,    2.5)";" 0.0 ( 0.0,  0.0)";"0.0 (0.0, 0.0)";"0.0 (0.0, 0.0)";"0.0 (0.0, 0.0)";" 0.2 ( 0.2,   0.2)";" 0.1 ( 0.1,  0.1)";"0.0 (0.0,  0.0)";"0.0 (0.0, 0.0)";"  11.8 (  11.3,   12.3)";"   2.5 (  2.4,    2.6)"
"2014-07-24";"-110";"  11.4 (  10.9,   11.8)";"   2.4 (  2.3,    2.5)";" 0.0 ( 0.0,  0.0)";"0.0 (0.0, 0.0)";"0.0 (0.0, 0.0)";"0.0 (0.0, 0.0)";" 0.2 ( 0.2,   0.2)";" 0.1 ( 0.1,  0.1)";"0.0 (0.0,  0.0)";"0.0 (0.0, 0.0)";"  11.6 (  11.1,   12.1)";"   2.5 (  2.4,    2.6)"
"2014-07-23";"-111";"  11.2 (  10.7,   11.7)";"   2.3 (  2.2,    2.4)";" 0.0 ( 0.0,  0.0)";"0.0 (0.0, 0.0)";"0.0 (0.0, 0.0)";"0.0 (0.0, 0.0)";" 0.2 ( 0.2,   0.2)";" 0.1 ( 0.1,  0.1)";"0.0 (0.0,  0.0)";"0.0 (0.0, 0.0)";"  11.4 (  10.9,   11.9)";"   2.4 (  2.3,    2.5)"
"2014-07-22";"-112";"  11.0 (  10.5,   11.5)";"   2.3 (  2.2,    2.4)";" 0.0 ( 0.0,  0.0)";"0.0 (0.0, 0.0)";"0.0 (0.0, 0.0)";"0.0 (0.0, 0.0)";" 0.2 ( 0.2,   0.2)";" 0.1 ( 0.1,  0.1)";"0.0 (0.0,  0.0)";"0.0 (0.0, 0.0)";"  11.3 (  10.7,   11.8)";"   2.4 (  2.3,    2.5)"
"2014-07-21";"-113";"  10.9 (  10.4,   11.4)";"   2.3 (  2.2,    2.4)";" 0.0 ( 0.0,  0.0)";"0.0 (0.0, 0.0)";"0.0 (0.0, 0.0)";"0.0 (0.0, 0.0)";" 0.2 ( 0.2,   0.2)";" 0.1 ( 0.1,  0.1)";"0.0 (0.0,  0.0)";"0.0 (0.0, 0.0)";"  11.1 (  10.6,   11.7)";"   2.4 (  2.3,    2.5)"
"2014-07-20";"-114";"  10.7 (  10.2,   11.3)";"   2.2 (  2.1,    2.3)";" 0.0 ( 0.0,  0.0)";"0.0 (0.0, 0.0)";"0.0 (0.0, 0.0)";"0.0 (0.0, 0.0)";" 0.2 ( 0.2,   0.2)";" 0.1 ( 0.1,  0.1)";"0.0 (0.0,  0.0)";"0.0 (0.0, 0.0)";"  10.9 (  10.4,   11.5)";"   2.3 (  2.2,    2.5)"
"2014-07-19";"-115";"  10.5 (  10.0,   11.1)";"   2.2 (  2.1,    2.3)";" 0.0 ( 0.0,  0.0)";"0.0 (0.0, 0.0)";"0.0 (0.0, 0.0)";"0.0 (0.0, 0.0)";" 0.2 ( 0.2,   0.2)";" 0.1 ( 0.1,  0.1)";"0.0 (0.0,  0.0)";"0.0 (0.0, 0.0)";"  10.8 (  10.2,   11.3)";"   2.3 (  2.2,    2.4)"
"2014-07-18";"-116";"  10.4 (   9.8,   11.0)";"   2.2 (  2.0,    2.3)";" 0.0 ( 0.0,  0.0)";"0.0 (0.0, 0.0)";"0.0 (0.0, 0.0)";"0.0 (0.0, 0.0)";" 0.2 ( 0.2,   0.2)";" 0.1 ( 0.1,  0.1)";"0.0 (0.0,  0.0)";"0.0 (0.0, 0.0)";"  10.6 (  10.0,   11.2)";"   2.3 (  2.1,    2.4)"
"2014-07-17";"-117";"  10.3 (   9.6,   10.9)";"   2.1 (  2.0,    2.3)";" 0.0 ( 0.0,  0.0)";"0.0 (0.0, 0.0)";"0.0 (0.0, 0.0)";"0.0 (0.0, 0.0)";" 0.2 ( 0.1,   0.2)";" 0.1 ( 0.1,  0.1)";"0.0 (0.0,  0.0)";"0.0 (0.0, 0.0)";"  10.5 (   9.8,   11.1)";"   2.2 (  2.1,    2.4)"
"2014-07-16";"-118";"  10.1 (   9.5,   10.7)";"   2.1 (  2.0,    2.2)";" 0.0 ( 0.0,  0.0)";"0.0 (0.0, 0.0)";"0.0 (0.0, 0.0)";"0.0 (0.0, 0.0)";" 0.2 ( 0.1,   0.2)";" 0.1 ( 0.1,  0.1)";"0.0 (0.0,  0.0)";"0.0 (0.0, 0.0)";"  10.3 (   9.7,   10.9)";"   2.2 (  2.1,    2.3)"
"2014-07-15";"-119";"   9.9 (   9.3,   10.6)";"   2.1 (  1.9,    2.2)";" 0.0 ( 0.0,  0.0)";"0.0 (0.0, 0.0)";"0.0 (0.0, 0.0)";"0.0 (0.0, 0.0)";" 0.2 ( 0.1,   0.2)";" 0.1 ( 0.1,  0.1)";"0.0 (0.0,  0.0)";"0.0 (0.0, 0.0)";"  10.1 (   9.5,   10.8)";"   2.2 (  2.0,    2.3)"
"2014-07-14";"-120";"   9.8 (   9.1,   10.4)";"   2.0 (  1.9,    2.2)";" 0.0 ( 0.0,  0.0)";"0.0 (0.0, 0.0)";"0.0 (0.0, 0.0)";"0.0 (0.0, 0.0)";" 0.2 ( 0.1,   0.2)";" 0.1 ( 0.1,  0.1)";"0.0 (0.0,  0.0)";"0.0 (0.0, 0.0)";"  10.0 (   9.3,   10.7)";"   2.1 (  2.0,    2.3)"
"2014-07-13";"-121";"   9.6 (   8.9,   10.3)";"   2.0 (  1.9,    2.1)";" 0.0 ( 0.0,  0.0)";"0.0 (0.0, 0.0)";"0.0 (0.0, 0.0)";"0.0 (0.0, 0.0)";" 0.1 ( 0.1,   0.2)";" 0.1 ( 0.1,  0.1)";"0.0 (0.0,  0.0)";"0.0 (0.0, 0.0)";"   9.8 (   9.1,   10.5)";"   2.1 (  1.9,    2.2)"
"2014-07-12";"-122";"   9.5 (   8.8,   10.2)";"   2.0 (  1.8,    2.1)";" 0.0 ( 0.0,  0.0)";"0.0 (0.0, 0.0)";"0.0 (0.0, 0.0)";"0.0 (0.0, 0.0)";" 0.1 ( 0.1,   0.2)";" 0.1 ( 0.1,  0.1)";"0.0 (0.0,  0.0)";"0.0 (0.0, 0.0)";"   9.7 (   9.0,   10.4)";"   2.1 (  1.9,    2.2)"
"2014-07-11";"-123";"   9.3 (   8.6,   10.0)";"   1.9 (  1.8,    2.1)";" 0.0 ( 0.0,  0.0)";"0.0 (0.0, 0.0)";"0.0 (0.0, 0.0)";"0.0 (0.0, 0.0)";" 0.1 ( 0.1,   0.2)";" 0.1 ( 0.1,  0.1)";"0.0 (0.0,  0.0)";"0.0 (0.0, 0.0)";"   9.5 (   8.8,   10.2)";"   2.0 (  1.9,    2.2)"
"2014-07-10";"-124";"   9.1 (   8.4,    9.9)";"   1.9 (  1.8,    2.0)";" 0.0 ( 0.0,  0.0)";"0.0 (0.0, 0.0)";"0.0 (0.0, 0.0)";"0.0 (0.0, 0.0)";" 0.1 ( 0.1,   0.2)";" 0.1 ( 0.1,  0.1)";"0.0 (0.0,  0.0)";"0.0 (0.0, 0.0)";"   9.3 (   8.6,   10.1)";"   2.0 (  1.8,    2.1)"
"2014-07-09";"-125";"   9.0 (   8.3,    9.7)";"   1.9 (  1.7,    2.0)";" 0.0 ( 0.0,  0.0)";"0.0 (0.0, 0.0)";"0.0 (0.0, 0.0)";"0.0 (0.0, 0.0)";" 0.1 ( 0.1,   0.2)";" 0.1 ( 0.1,  0.1)";"0.0 (0.0,  0.0)";"0.0 (0.0, 0.0)";"   9.2 (   8.5,    9.9)";"   2.0 (  1.8,    2.1)"
"2014-07-08";"-126";"   8.9 (   8.1,    9.6)";"   1.8 (  1.7,    2.0)";" 0.0 ( 0.0,  0.0)";"0.0 (0.0, 0.0)";"0.0 (0.0, 0.0)";"0.0 (0.0, 0.0)";" 0.1 ( 0.1,   0.1)";" 0.1 ( 0.1,  0.1)";"0.0 (0.0,  0.0)";"0.0 (0.0, 0.0)";"   9.0 (   8.3,    9.8)";"   1.9 (  1.8,    2.1)"
"2014-07-07";"-127";"   8.7 (   7.9,    9.4)";"   1.8 (  1.7,    2.0)";" 0.0 ( 0.0,  0.0)";"0.0 (0.0, 0.0)";"0.0 (0.0, 0.0)";"0.0 (0.0, 0.0)";" 0.1 ( 0.1,   0.1)";" 0.1 ( 0.1,  0.1)";"0.0 (0.0,  0.0)";"0.0 (0.0, 0.0)";"   8.9 (   8.1,    9.6)";"   1.9 (  1.7,    2.1)"
"2014-07-06";"-128";"   8.5 (   7.8,    9.3)";"   1.8 (  1.6,    1.9)";" 0.0 ( 0.0,  0.0)";"0.0 (0.0, 0.0)";"0.0 (0.0, 0.0)";"0.0 (0.0, 0.0)";" 0.1 ( 0.1,   0.1)";" 0.1 ( 0.1,  0.1)";"0.0 (0.0,  0.0)";"0.0 (0.0, 0.0)";"   8.7 (   8.0,    9.5)";"   1.9 (  1.7,    2.0)"
"2014-07-05";"-129";"   8.4 (   7.6,    9.1)";"   1.7 (  1.6,    1.9)";" 0.0 ( 0.0,  0.0)";"0.0 (0.0, 0.0)";"0.0 (0.0, 0.0)";"0.0 (0.0, 0.0)";" 0.1 ( 0.1,   0.1)";" 0.1 ( 0.1,  0.1)";"0.0 (0.0,  0.0)";"0.0 (0.0, 0.0)";"   8.5 (   7.8,    9.3)";"   1.8 (  1.7,    2.0)"
"2014-07-04";"-130";"   8.2 (   7.5,    8.9)";"   1.7 (  1.5,    1.9)";" 0.0 ( 0.0,  0.0)";"0.0 (0.0, 0.0)";"0.0 (0.0, 0.0)";"0.0 (0.0, 0.0)";" 0.1 ( 0.1,   0.1)";" 0.1 ( 0.1,  0.1)";"0.0 (0.0,  0.0)";"0.0 (0.0, 0.0)";"   8.4 (   7.6,    9.1)";"   1.8 (  1.6,    1.9)"
"2014-07-03";"-131";"   8.0 (   7.3,    8.7)";"   1.7 (  1.5,    1.8)";" 0.0 ( 0.0,  0.0)";"0.0 (0.0, 0.0)";"0.0 (0.0, 0.0)";"0.0 (0.0, 0.0)";" 0.1 ( 0.1,   0.1)";" 0.1 ( 0.1,  0.1)";"0.0 (0.0,  0.0)";"0.0 (0.0, 0.0)";"   8.2 (   7.4,    8.9)";"   1.7 (  1.6,    1.9)"
"2014-07-02";"-132";"   7.8 (   7.1,    8.6)";"   1.6 (  1.5,    1.8)";" 0.0 ( 0.0,  0.0)";"0.0 (0.0, 0.0)";"0.0 (0.0, 0.0)";"0.0 (0.0, 0.0)";" 0.1 ( 0.1,   0.1)";" 0.1 ( 0.1,  0.1)";"0.0 (0.0,  0.0)";"0.0 (0.0, 0.0)";"   8.0 (   7.2,    8.7)";"   1.7 (  1.5,    1.9)"
"2014-07-01";"-133";"   7.6 (   6.9,    8.4)";"   1.6 (  1.4,    1.7)";" 0.0 ( 0.0,  0.0)";"0.0 (0.0, 0.0)";"0.0 (0.0, 0.0)";"0.0 (0.0, 0.0)";" 0.1 ( 0.1,   0.1)";" 0.1 ( 0.1,  0.1)";"0.0 (0.0,  0.0)";"0.0 (0.0, 0.0)";"   7.8 (   7.1,    8.5)";"   1.7 (  1.5,    1.8)"
"2014-06-30";"-134";"   7.4 (   6.7,    8.1)";"   1.5 (  1.4,    1.7)";" 0.0 ( 0.0,  0.0)";"0.0 (0.0, 0.0)";"0.0 (0.0, 0.0)";"0.0 (0.0, 0.0)";" 0.1 ( 0.1,   0.1)";" 0.1 ( 0.1,  0.1)";"0.0 (0.0,  0.0)";"0.0 (0.0, 0.0)";"   7.6 (   6.8,    8.3)";"   1.6 (  1.5,    1.8)"
"2014-06-29";"-135";"   7.2 (   6.5,    7.9)";"   1.5 (  1.4,    1.6)";" 0.0 ( 0.0,  0.0)";"0.0 (0.0, 0.0)";"0.0 (0.0, 0.0)";"0.0 (0.0, 0.0)";" 0.1 ( 0.1,   0.1)";" 0.1 ( 0.1,  0.1)";"0.0 (0.0,  0.0)";"0.0 (0.0, 0.0)";"   7.3 (   6.6,    8.0)";"   1.6 (  1.4,    1.7)"
"2014-06-28";"-136";"   6.9 (   6.3,    7.6)";"   1.4 (  1.3,    1.6)";" 0.0 ( 0.0,  0.0)";"0.0 (0.0, 0.0)";"0.0 (0.0, 0.0)";"0.0 (0.0, 0.0)";" 0.1 ( 0.1,   0.1)";" 0.1 ( 0.0,  0.1)";"0.0 (0.0,  0.0)";"0.0 (0.0, 0.0)";"   7.1 (   6.4,    7.8)";"   1.5 (  1.4,    1.7)"
"2014-06-27";"-137";"   6.7 (   6.0,    7.3)";"   1.4 (  1.3,    1.5)";" 0.0 ( 0.0,  0.0)";"0.0 (0.0, 0.0)";"0.0 (0.0, 0.0)";"0.0 (0.0, 0.0)";" 0.1 ( 0.1,   0.1)";" 0.1 ( 0.0,  0.1)";"0.0 (0.0,  0.0)";"0.0 (0.0, 0.0)";"   6.8 (   6.2,    7.4)";"   1.4 (  1.3,    1.6)"
"2014-06-26";"-138";"   6.4 (   5.8,    7.0)";"   1.3 (  1.2,    1.4)";" 0.0 ( 0.0,  0.0)";"0.0 (0.0, 0.0)";"0.0 (0.0, 0.0)";"0.0 (0.0, 0.0)";" 0.1 ( 0.1,   0.1)";" 0.0 ( 0.0,  0.1)";"0.0 (0.0,  0.0)";"0.0 (0.0, 0.0)";"   6.5 (   5.9,    7.1)";"   1.4 (  1.3,    1.5)"
"2014-06-25";"-139";"   6.1 (   5.6,    6.7)";"   1.3 (  1.2,    1.4)";" 0.0 ( 0.0,  0.0)";"0.0 (0.0, 0.0)";"0.0 (0.0, 0.0)";"0.0 (0.0, 0.0)";" 0.1 ( 0.1,   0.1)";" 0.0 ( 0.0,  0.1)";"0.0 (0.0,  0.0)";"0.0 (0.0, 0.0)";"   6.2 (   5.7,    6.8)";"   1.3 (  1.2,    1.4)"
"2014-06-24";"-140";"   5.9 (   5.4,    6.4)";"   1.2 (  1.1,    1.3)";" 0.0 ( 0.0,  0.0)";"0.0 (0.0, 0.0)";"0.0 (0.0, 0.0)";"0.0 (0.0, 0.0)";" 0.1 ( 0.1,   0.1)";" 0.0 ( 0.0,  0.0)";"0.0 (0.0,  0.0)";"0.0 (0.0, 0.0)";"   6.0 (   5.5,    6.5)";"   1.3 (  1.2,    1.4)"
"2014-06-23";"-141";"   5.6 (   5.1,    6.1)";"   1.2 (  1.1,    1.3)";" 0.0 ( 0.0,  0.0)";"0.0 (0.0, 0.0)";"0.0 (0.0, 0.0)";"0.0 (0.0, 0.0)";" 0.1 ( 0.1,   0.1)";" 0.0 ( 0.0,  0.0)";"0.0 (0.0,  0.0)";"0.0 (0.0, 0.0)";"   5.7 (   5.2,    6.2)";"   1.2 (  1.1,    1.3)"
"2014-06-22";"-142";"   5.4 (   4.9,    5.8)";"   1.1 (  1.0,    1.2)";" 0.0 ( 0.0,  0.0)";"0.0 (0.0, 0.0)";"0.0 (0.0, 0.0)";"0.0 (0.0, 0.0)";" 0.1 ( 0.1,   0.1)";" 0.0 ( 0.0,  0.0)";"0.0 (0.0,  0.0)";"0.0 (0.0, 0.0)";"   5.5 (   5.0,    6.0)";"   1.2 (  1.1,    1.3)"
"2014-06-21";"-143";"   5.2 (   4.7,    5.6)";"   1.1 (  1.0,    1.2)";" 0.0 ( 0.0,  0.0)";"0.0 (0.0, 0.0)";"0.0 (0.0, 0.0)";"0.0 (0.0, 0.0)";" 0.1 ( 0.1,   0.1)";" 0.0 ( 0.0,  0.0)";"0.0 (0.0,  0.0)";"0.0 (0.0, 0.0)";"   5.3 (   4.8,    5.7)";"   1.1 (  1.0,    1.2)"
"2014-06-20";"-144";"   4.9 (   4.5,    5.3)";"   1.0 (  0.9,    1.1)";" 0.0 ( 0.0,  0.0)";"0.0 (0.0, 0.0)";"0.0 (0.0, 0.0)";"0.0 (0.0, 0.0)";" 0.1 ( 0.1,   0.1)";" 0.0 ( 0.0,  0.0)";"0.0 (0.0,  0.0)";"0.0 (0.0, 0.0)";"   5.0 (   4.6,    5.5)";"   1.1 (  1.0,    1.2)"
"2014-06-19";"-145";"   4.7 (   4.3,    5.1)";"   1.0 (  0.9,    1.1)";" 0.0 ( 0.0,  0.0)";"0.0 (0.0, 0.0)";"0.0 (0.0, 0.0)";"0.0 (0.0, 0.0)";" 0.1 ( 0.1,   0.1)";" 0.0 ( 0.0,  0.0)";"0.0 (0.0,  0.0)";"0.0 (0.0, 0.0)";"   4.8 (   4.4,    5.2)";"   1.0 (  0.9,    1.1)"
"2014-06-18";"-146";"   4.5 (   4.2,    4.9)";"   0.9 (  0.9,    1.0)";" 0.0 ( 0.0,  0.0)";"0.0 (0.0, 0.0)";"0.0 (0.0, 0.0)";"0.0 (0.0, 0.0)";" 0.1 ( 0.1,   0.1)";" 0.0 ( 0.0,  0.0)";"0.0 (0.0,  0.0)";"0.0 (0.0, 0.0)";"   4.6 (   4.2,    5.0)";"   1.0 (  0.9,    1.1)"
"2014-06-17";"-147";"   4.4 (   4.0,    4.7)";"   0.9 (  0.8,    1.0)";" 0.0 ( 0.0,  0.0)";"0.0 (0.0, 0.0)";"0.0 (0.0, 0.0)";"0.0 (0.0, 0.0)";" 0.1 ( 0.1,   0.1)";" 0.0 ( 0.0,  0.0)";"0.0 (0.0,  0.0)";"0.0 (0.0, 0.0)";"   4.4 (   4.1,    4.8)";"   0.9 (  0.9,    1.0)"
"2014-06-16";"-148";"   4.2 (   3.8,    4.5)";"   0.9 (  0.8,    0.9)";" 0.0 ( 0.0,  0.0)";"0.0 (0.0, 0.0)";"0.0 (0.0, 0.0)";"0.0 (0.0, 0.0)";" 0.1 ( 0.1,   0.1)";" 0.0 ( 0.0,  0.0)";"0.0 (0.0,  0.0)";"0.0 (0.0, 0.0)";"   4.2 (   3.9,    4.6)";"   0.9 (  0.8,    1.0)"
"2014-06-15";"-149";"   4.0 (   3.7,    4.3)";"   0.8 (  0.8,    0.9)";" 0.0 ( 0.0,  0.0)";"0.0 (0.0, 0.0)";"0.0 (0.0, 0.0)";"0.0 (0.0, 0.0)";" 0.1 ( 0.1,   0.1)";" 0.0 ( 0.0,  0.0)";"0.0 (0.0,  0.0)";"0.0 (0.0, 0.0)";"   4.1 (   3.7,    4.4)";"   0.9 (  0.8,    0.9)"
"2014-06-14";"-150";"   3.8 (   3.5,    4.1)";"   0.8 (  0.7,    0.9)";" 0.0 ( 0.0,  0.0)";"0.0 (0.0, 0.0)";"0.0 (0.0, 0.0)";"0.0 (0.0, 0.0)";" 0.1 ( 0.1,   0.1)";" 0.0 ( 0.0,  0.0)";"0.0 (0.0,  0.0)";"0.0 (0.0, 0.0)";"   3.9 (   3.6,    4.2)";"   0.8 (  0.8,    0.9)"
"2014-06-13";"-151";"   3.7 (   3.4,    4.0)";"   0.8 (  0.7,    0.8)";" 0.0 ( 0.0,  0.0)";"0.0 (0.0, 0.0)";"0.0 (0.0, 0.0)";"0.0 (0.0, 0.0)";" 0.1 ( 0.1,   0.1)";" 0.0 ( 0.0,  0.0)";"0.0 (0.0,  0.0)";"0.0 (0.0, 0.0)";"   3.7 (   3.4,    4.1)";"   0.8 (  0.7,    0.9)"
"2014-06-12";"-152";"   3.5 (   3.2,    3.8)";"   0.7 (  0.7,    0.8)";" 0.0 ( 0.0,  0.0)";"0.0 (0.0, 0.0)";"0.0 (0.0, 0.0)";"0.0 (0.0, 0.0)";" 0.1 ( 0.0,   0.1)";" 0.0 ( 0.0,  0.0)";"0.0 (0.0,  0.0)";"0.0 (0.0, 0.0)";"   3.6 (   3.3,    3.9)";"   0.8 (  0.7,    0.8)"
"2014-06-11";"-153";"   3.4 (   3.1,    3.7)";"   0.7 (  0.6,    0.8)";" 0.0 ( 0.0,  0.0)";"0.0 (0.0, 0.0)";"0.0 (0.0, 0.0)";"0.0 (0.0, 0.0)";" 0.1 ( 0.0,   0.1)";" 0.0 ( 0.0,  0.0)";"0.0 (0.0,  0.0)";"0.0 (0.0, 0.0)";"   3.4 (   3.1,    3.7)";"   0.7 (  0.7,    0.8)"
"2014-06-10";"-154";"   3.2 (   2.9,    3.5)";"   0.7 (  0.6,    0.7)";" 0.0 ( 0.0,  0.0)";"0.0 (0.0, 0.0)";"0.0 (0.0, 0.0)";"0.0 (0.0, 0.0)";" 0.0 ( 0.0,   0.1)";" 0.0 ( 0.0,  0.0)";"0.0 (0.0,  0.0)";"0.0 (0.0, 0.0)";"   3.3 (   3.0,    3.6)";"   0.7 (  0.6,    0.8)"
"2014-06-09";"-155";"   3.1 (   2.8,    3.4)";"   0.6 (  0.6,    0.7)";" 0.0 ( 0.0,  0.0)";"0.0 (0.0, 0.0)";"0.0 (0.0, 0.0)";"0.0 (0.0, 0.0)";" 0.0 ( 0.0,   0.1)";" 0.0 ( 0.0,  0.0)";"0.0 (0.0,  0.0)";"0.0 (0.0, 0.0)";"   3.1 (   2.9,    3.4)";"   0.7 (  0.6,    0.7)"
"2014-06-08";"-156";"   3.0 (   2.7,    3.2)";"   0.6 (  0.6,    0.7)";" 0.0 ( 0.0,  0.0)";"0.0 (0.0, 0.0)";"0.0 (0.0, 0.0)";"0.0 (0.0, 0.0)";" 0.0 ( 0.0,   0.1)";" 0.0 ( 0.0,  0.0)";"0.0 (0.0,  0.0)";"0.0 (0.0, 0.0)";"   3.0 (   2.7,    3.3)";"   0.6 (  0.6,    0.7)"
"2014-06-07";"-157";"   2.8 (   2.6,    3.1)";"   0.6 (  0.5,    0.6)";" 0.0 ( 0.0,  0.0)";"0.0 (0.0, 0.0)";"0.0 (0.0, 0.0)";"0.0 (0.0, 0.0)";" 0.0 ( 0.0,   0.0)";" 0.0 ( 0.0,  0.0)";"0.0 (0.0,  0.0)";"0.0 (0.0, 0.0)";"   2.9 (   2.6,    3.2)";"   0.6 (  0.6,    0.7)"
"2014-06-06";"-158";"   2.7 (   2.4,    3.0)";"   0.6 (  0.5,    0.6)";" 0.0 ( 0.0,  0.0)";"0.0 (0.0, 0.0)";"0.0 (0.0, 0.0)";"0.0 (0.0, 0.0)";" 0.0 ( 0.0,   0.0)";" 0.0 ( 0.0,  0.0)";"0.0 (0.0,  0.0)";"0.0 (0.0, 0.0)";"   2.8 (   2.5,    3.1)";"   0.6 (  0.5,    0.7)"
"2014-06-05";"-159";"   2.6 (   2.3,    2.9)";"   0.5 (  0.5,    0.6)";" 0.0 ( 0.0,  0.0)";"0.0 (0.0, 0.0)";"0.0 (0.0, 0.0)";"0.0 (0.0, 0.0)";" 0.0 ( 0.0,   0.0)";" 0.0 ( 0.0,  0.0)";"0.0 (0.0,  0.0)";"0.0 (0.0, 0.0)";"   2.7 (   2.4,    3.0)";"   0.6 (  0.5,    0.6)"
"2014-06-04";"-160";"   2.5 (   2.2,    2.8)";"   0.5 (  0.5,    0.6)";" 0.0 ( 0.0,  0.0)";"0.0 (0.0, 0.0)";"0.0 (0.0, 0.0)";"0.0 (0.0, 0.0)";" 0.0 ( 0.0,   0.0)";" 0.0 ( 0.0,  0.0)";"0.0 (0.0,  0.0)";"0.0 (0.0, 0.0)";"   2.5 (   2.3,    2.8)";"   0.5 (  0.5,    0.6)"
"2014-06-03";"-161";"   2.4 (   2.1,    2.7)";"   0.5 (  0.4,    0.6)";" 0.0 ( 0.0,  0.0)";"0.0 (0.0, 0.0)";"0.0 (0.0, 0.0)";"0.0 (0.0, 0.0)";" 0.0 ( 0.0,   0.0)";" 0.0 ( 0.0,  0.0)";"0.0 (0.0,  0.0)";"0.0 (0.0, 0.0)";"   2.4 (   2.2,    2.7)";"   0.5 (  0.5,    0.6)"
"2014-06-02";"-162";"   2.3 (   2.0,    2.6)";"   0.5 (  0.4,    0.5)";" 0.0 ( 0.0,  0.0)";"0.0 (0.0, 0.0)";"0.0 (0.0, 0.0)";"0.0 (0.0, 0.0)";" 0.0 ( 0.0,   0.0)";" 0.0 ( 0.0,  0.0)";"0.0 (0.0,  0.0)";"0.0 (0.0, 0.0)";"   2.3 (   2.1,    2.6)";"   0.5 (  0.4,    0.6)"
"2014-06-01";"-163";"   2.2 (   1.9,    2.5)";"   0.5 (  0.4,    0.5)";" 0.0 ( 0.0,  0.0)";"0.0 (0.0, 0.0)";"0.0 (0.0, 0.0)";"0.0 (0.0, 0.0)";" 0.0 ( 0.0,   0.0)";" 0.0 ( 0.0,  0.0)";"0.0 (0.0,  0.0)";"0.0 (0.0, 0.0)";"   2.2 (   2.0,    2.5)";"   0.5 (  0.4,    0.5)"
"2014-05-31";"-164";"   2.1 (   1.8,    2.4)";"   0.4 (  0.4,    0.5)";" 0.0 ( 0.0,  0.0)";"0.0 (0.0, 0.0)";"0.0 (0.0, 0.0)";"0.0 (0.0, 0.0)";" 0.0 ( 0.0,   0.0)";" 0.0 ( 0.0,  0.0)";"0.0 (0.0,  0.0)";"0.0 (0.0, 0.0)";"   2.1 (   1.9,    2.4)";"   0.5 (  0.4,    0.5)"
